rs1002935	A	
rs10043473	G	A
rs10051745	A	G
rs1008849	C	T
rs10092179	G	
rs10116772	C	A
rs1014969	G	
rs1018946	T	C
rs1018947	T	A
rs10253172	C	T
rs10253291	C	
rs1029871	G	C
rs1042779	A	G
rs10433615	C	T
rs10456120	T	
rs10456121	G	
rs10456122	C	G
rs10456542	A	G
rs10456543	C	T
rs10456546	T	C
rs10456547	C	T
rs10456548	C	
rs10456549	C	T
rs10464620	G	A
rs10469958	C	
rs10471753	G	
rs10484625	A	G
rs10484626	G	
rs10487271	C	
rs10492150	G	A
rs10492151	T	G
rs10492367	G	T
rs10518705	G	T
rs10518707	A	G
rs1065837	A	
rs10758593	A	G
rs10758594	G	
rs1076425	A	G
rs10772807	G	T
rs10772808	A	G
rs10772809	T	C
rs10772810	A	G
rs10772813	G	
rs10772814	C	T
rs10780035	C	T
rs10807302	G	C
rs10814915	C	
rs10843013	C	A
rs10846065	G	
rs10846066	C	T
rs10846067	A	T
rs10846069	A	G
rs10846074	C	G
rs10846075	G	
rs10851630	C	T
rs10851631	T	
rs10852521	T	C
rs10866916	T	C
rs10874678	C	T
rs10874679	T	A
rs10940166	C	T
rs10940167	G	T
rs10940169	G	
rs10943249	C	
rs10943263	T	A
rs10943277	T	C
rs10943278	G	A
rs10943279	T	G
rs10948171	C	T
rs10948172	A	G
rs10948201	C	A
rs10948211	A	G
rs10948212	A	C
rs10948213	T	C
rs10948216	T	A
rs10948217	A	C
rs10948219	A	T
rs10948220	A	
rs10948221	G	T
rs10948223	C	
rs10953529	G	A
rs10953531	C	T
rs10953534	C	T
rs10953535	G	A
rs10953536	G	A
rs10953537	A	G
rs11049204	G	
rs11049206	G	C
rs11056198	G	A
rs11056199	A	C
rs11056201	T	A
rs11056202	C	G
rs11056203	A	G
rs11056209	G	T
rs11056216	C	A
rs11056217	A	G
rs11056218	T	C
rs11056219	C	G
rs11056227	T	C
rs11056230	C	A
rs11056233	A	
rs11071356	G	T
rs11075987	G	T
rs11129449	T	C
rs11130307	G	A
rs11130308	G	C
rs11130310	C	T
rs11130311	C	T
rs11130312	A	
rs11130313	C	A
rs11130315	G	A
rs11130317	T	
rs11130318	G	C
rs11130319	T	A
rs11130321	T	
rs11130323	C	T
rs11130325	G	
rs11130327	A	G
rs11136333	C	T
rs11136334	C	T
rs11136335	A	G
rs11136336	A	G
rs11136337	A	G
rs11136338	G	A
rs11136339	T	C
rs11136340	G	T
rs11136342	A	G
rs11136344	C	T
rs11136345	G	A
rs111390132	C	G
rs111432372	C	
rs111450405	C	G
rs111590023	T	C
rs11164665	A	G
rs11164666	A	C
rs11164667	T	C
rs11164668	A	G
rs11164669	C	T
rs11164672	C	T
rs11177	G	A
rs111810959	A	C
rs1121312	T	C
rs112140830	G	C
rs112272579	A	G
rs112665932	G	A
rs11276	T	C
rs112828423	T	C
rs112860674	T	C
rs112979447	T	C
rs113069325	A	
rs113211438	G	
rs1133228	C	A
rs1134029	G	A
rs113422695	T	A
rs114009236	T	C
rs114017772	C	T
rs1140522	T	C
rs1142184	A	
rs114221457	C	G
rs115409339	C	T
rs11610597	A	
rs11613861	A	T
rs11613862	T	A
rs11614330	C	
rs11614333	C	T
rs11615259	T	A
rs11630835	T	C
rs11632964	T	C
rs11635145	G	A
rs116855380	G	A
rs11706543	A	G
rs11708075	C	T
rs11708946	A	C
rs11711421	C	T
rs11714030	T	C
rs11714088	A	
rs11714419	A	G
rs11714565	T	C
rs11716747	T	
rs11717043	A	T
rs11718509	G	A
rs11719514	C	T
rs11719685	C	
rs11720159	T	G
rs11720243	T	C
rs11720432	T	C
rs11722017	G	
rs11745630	C	A
rs11745660	A	
rs11749692	A	G
rs11750646	C	T
rs11761181	T	C
rs11764448	G	A
rs11766131	C	
rs11767623	C	
rs11769527	C	T
rs11769861	C	T
rs11769901	G	A
rs11770061	A	G
rs11773514	C	T
rs11775818	C	T
rs11777239	A	
rs11777402	A	
rs11778018	C	T
rs11778039	G	A
rs11780978	A	G
rs11781667	G	T
rs11782331	C	A
rs11782433	T	C
rs11782890	C	T
rs11783655	A	T
rs11783772	A	T
rs11783799	G	A
rs11784501	G	T
rs11784985	T	A
rs11785060	T	C
rs11786903	A	G
rs11787335	T	C
rs11787365	C	T
rs118021693	C	G
rs11835413	A	
rs11842874	G	A
rs11852540	A	G
rs11852835	G	A
rs11855259	G	C
rs11963619	A	G
rs11964634	T	
rs11964690	C	T
rs11964844	T	A
rs11965520	A	T
rs11965706	A	
rs11967224	G	A
rs11967630	C	G
rs11970412	C	
rs11989052	A	G
rs11993233	A	
rs12036836	C	A
rs12107036	G	A
rs12153844	C	T
rs12153922	C	T
rs12154152	C	G
rs12154285	A	G
rs12155231	C	
rs12190313	T	G
rs12190367	G	A
rs12190734	T	G
rs12191262	A	G
rs12191566	T	
rs12191977	A	C
rs12192223	G	
rs12192890	A	
rs12193030	A	
rs12193682	C	T
rs12193720	G	A
rs12193812	C	T
rs12194924	C	
rs12195339	C	T
rs12196188	C	G
rs12196217	C	T
rs12197593	T	C
rs12198016	C	T
rs12198308	C	
rs12198376	C	G
rs12199494	T	C
rs12200169	C	T
rs12200892	T	
rs12201005	A	T
rs12201305	A	C
rs12202232	A	
rs12202434	C	T
rs12202443	A	
rs12202609	C	T
rs12202698	G	T
rs12202704	T	G
rs12203148	A	T
rs12203558	G	
rs12203732	G	C
rs12204270	A	
rs12205379	A	G
rs12205818	T	C
rs12205860	A	
rs12206561	C	T
rs12206568	T	C
rs12207675	T	
rs12208332	T	
rs12208368	A	C
rs12208605	T	G
rs12208621	C	
rs12209039	C	
rs12209161	A	
rs12209175	C	G
rs12209944	C	G
rs12211922	A	
rs12212123	C	T
rs12212171	C	T
rs12212190	T	C
rs12212745	C	T
rs12213735	C	T
rs12214435	A	G
rs12214738	G	A
rs12214794	A	G
rs12214885	C	G
rs12215095	T	C
rs12215181	C	T
rs12215263	A	C
rs12215914	G	T
rs12215971	A	G
rs12226970	A	G
rs12300129	C	T
rs12307494	A	G
rs12311463	T	C
rs12316046	G	A
rs12332217	T	C
rs12332392	G	A
rs1241162	C	G
rs1241164	C	T
rs1241165	A	C
rs1241166	A	G
rs12426616	T	C
rs12437279	T	C
rs12486847	T	C
rs12487445	A	C
rs12487591	T	
rs12488461	C	
rs12488527	C	T
rs12493107	T	G
rs12496634	A	C
rs12497998	C	
rs12498066	G	A
rs12532447	T	C
rs12532514	T	C
rs12532849	C	A
rs12532953	T	C
rs12532967	C	T
rs12533767	C	
rs12534000	C	T
rs12534676	G	
rs12535081	T	
rs12535093	T	
rs12535814	T	A
rs12536485	C	T
rs12536491	G	T
rs12536574	A	
rs12536603	T	C
rs12537011	A	G
rs12537342	T	
rs12537374	G	A
rs12537730	T	C
rs12537733	T	
rs12537785	C	T
rs12538090	C	T
rs12538769	C	T
rs12538848	T	G
rs12539895	A	C
rs12540475	T	C
rs12541377	C	G
rs12543539	T	C
rs12588985	G	
rs12629699	C	T
rs12629701	C	T
rs12632265	A	G
rs12637627	T	
rs12637632	A	T
rs12705405	T	C
rs12731622	C	
rs12736509	A	C
rs12740738	A	G
rs12811845	C	
rs12822851	T	A
rs12829642	G	
rs12901081	C	G
rs12901372	C	G
rs12901462	G	A
rs12901499	A	
rs12903474	A	C
rs12903551	T	C
rs12903792	C	T
rs12907038	G	C
rs12908498	G	
rs12908953	A	G
rs12910113	C	
rs12910752	A	G
rs12911071	G	
rs12915901	G	A
rs12971884	G	T
rs12974139	C	
rs12976923	A	G
rs12980348	G	T
rs12982744	C	G
rs12983357	C	G
rs12985258	C	T
rs12985850	A	G
rs13059862	G	A
rs13060675	T	G
rs13061423	T	
rs13063160	C	T
rs13064064	C	T
rs13065019	C	T
rs13065851	T	A
rs13068293	A	C
rs13069481	T	
rs13071584	T	C
rs13074853	T	C
rs13076193	C	A
rs13076398	G	A
rs13078422	C	T
rs13079063	G	A
rs13081031	T	C
rs13082960	A	
rs13085331	G	C
rs13085775	C	T
rs13085895	C	G
rs13086297	A	G
rs13086898	A	G
rs13087772	G	T
rs13095332	T	C
rs13098776	C	T
rs1318814	T	C
rs13192994	A	C
rs1324536	C	T
rs13283416	T	
rs1329709	G	T
rs1329711	G	A
rs13356158	C	T
rs1337191	T	C
rs1340098	G	T
rs13439519	A	G
rs13621	C	T
rs1363856	G	C
rs1363857	G	A
rs1372368	T	C
rs139435676	C	G
rs140582164	G	T
rs1406947	T	C
rs1406948	A	G
rs1406949	A	C
rs141300850	C	T
rs1415364	C	T
rs141706137	T	G
rs1423232	C	G
rs142381498	T	
rs142570322	C	T
rs143027844	A	G
rs143086013	T	G
rs143106554	T	
rs143319644	C	T
rs143342826	G	T
rs143383	A	
rs143384	A	G
rs144657305	A	G
rs1448927	T	C
rs144941596	G	A
rs1463037	G	
rs1463038	A	
rs146437318	A	G
rs147931031	G	C
rs148882243	T	C
rs149052880	T	C
rs1491504	T	G
rs149212869	A	G
rs149462117	A	G
rs1498505	C	T
rs1498506	A	C
rs1498507	A	C
rs149852242	A	C
rs149852735	A	C
rs150739461	T	C
rs151210095	T	C
rs1523304	A	G
rs1523305	C	T
rs1531093	G	C
rs1531094	G	
rs1531095	G	
rs1540927	A	G
rs1540928	A	C
rs1544687	C	T
rs1548524	C	A
rs1552196	A	G
rs1561337	A	G
rs1563350	A	G
rs1563351	T	A
rs1563353	A	
rs1563355	C	T
rs1570	A	T
rs1570004	A	T
rs1574285	T	G
rs1579744	A	G
rs1591637	T	
rs1621055	G	
rs1622838	A	C
rs1676493	A	G
rs1676494	C	
rs1676499	G	
rs1676500	A	T
rs1676501	A	
rs1676502	A	
rs17027677	C	T
rs17027688	A	
rs17027693	A	T
rs17027714	G	A
rs17052256	A	G
rs17052259	G	
rs17060634	T	
rs17209636	G	T
rs17209678	T	
rs1722123	C	T
rs1723937	C	T
rs1723939	C	T
rs17257909	T	C
rs17264436	T	A
rs17288250	A	T
rs17291497	C	
rs17336368	G	
rs17349904	C	A
rs17350182	A	T
rs17423748	T	C
rs17427123	G	A
rs17427158	G	T
rs17427849	A	G
rs17428071	C	G
rs17428126	T	
rs17428504	T	C
rs17429118	G	A
rs17429146	A	G
rs17429825	T	C
rs1763345	C	T
rs1763346	T	C
rs17792773	C	T
rs17820823	A	G
rs1800801	C	T
rs1807968	A	G
rs181298525	T	G
rs184065563	G	A
rs1851610	C	T
rs1853651	A	G
rs185992640	C	
rs1861698	A	G
rs1861866	T	C
rs1866268	A	
rs187989493	G	
rs1886691	T	C
rs1888227	C	T
rs190280859	T	C
rs1908479	G	A
rs1908480	G	A
rs1932333	A	G
rs1961959	C	G
rs1978085	C	
rs1981696	T	C
rs1982499	C	A
rs1985583	G	A
rs1989814	A	G
rs2005053	T	C
rs2005885	G	C
rs201046620	G	A
rs201145168	C	T
rs2015971	T	C
rs2019065	C	T
rs202138851	T	A
rs2023892	A	G
rs2024505	C	T
rs2028216	T	
rs2038765	G	A
rs2071506	T	C
rs2071507	G	A
rs2071508	A	G
rs2072390	A	T
rs2078396	C	T
rs2079929	T	C
rs2083180	T	G
rs2093900	C	T
rs2098436	A	
rs2107318	A	G
rs2109634	G	T
rs2118540	T	C
rs2122129	A	T
rs2159644	T	C
rs2164884	C	T
rs2164885	T	C
rs2189501	T	A
rs2216086	C	T
rs2230534	A	C
rs2230535	C	T
rs2236996	A	G
rs2239549	G	A
rs2239550	C	G
rs2239551	A	G
rs2239699	C	T
rs2240920	C	T
rs224329	C	T
rs224331	C	A
rs224333	A	G
rs2248393	C	G
rs2249043	C	T
rs225015	G	
rs2251219	C	T
rs2251855	A	G
rs2268024	T	C
rs2268025	T	A
rs2268026	C	T
rs2268027	A	G
rs2270197	T	G
rs2284350	C	T
rs2286798	C	A
rs2286800	C	T
rs2287226	A	G
rs2289247	A	
rs2289249	A	G
rs2289250	C	A
rs2299422	T	A
rs2299428	A	G
rs2300149	C	T
rs2336145	A	C
rs2336146	A	G
rs2336149	G	A
rs2336542	A	G
rs2336545	C	T
rs2376280	A	G
rs2376281	T	A
rs2378349	C	A
rs2395859	G	A
rs2395880	A	G
rs2395881	C	A
rs2396379	C	T
rs2417399	G	C
rs2417400	G	A
rs2417401	A	G
rs2425061	A	G
rs2425062	A	G
rs2425063	A	
rs2425065	T	A
rs2425066	A	C
rs2430687	T	C
rs2430689	C	G
rs2430690	T	C
rs2430723	C	T
rs2430725	A	C
rs2430731	G	
rs2430737	C	
rs2430738	T	C
rs2445127	T	G
rs2445409	G	A
rs2445410	C	G
rs2445411	T	G
rs2471548	T	C
rs2486895	T	C
rs2521348	T	
rs2521349	A	G
rs2521352	A	G
rs2521353	A	G
rs257371	A	
rs257372	G	T
rs257373	G	A
rs257375	C	T
rs257377	T	G
rs257378	C	G
rs257379	T	C
rs257381	T	C
rs257382	C	T
rs257386	G	C
rs257387	A	G
rs2605092	A	
rs2605093	G	A
rs2605094	A	C
rs2605095	T	
rs2605097	C	A
rs2605098	A	G
rs2605100	G	
rs2605101	A	T
rs2605102	C	T
rs2605103	A	T
rs2605104	C	T
rs2605105	A	C
rs2605106	T	C
rs2605107	A	
rs2605108	G	A
rs2605109	C	G
rs2605110	C	T
rs2715819	C	
rs2715820	G	
rs2715821	A	C
rs2715824	T	A
rs2716209	G	C
rs2716212	A	G
rs2716213	T	G
rs2716214	A	
rs2716215	G	A
rs2716216	A	G
rs2791546	G	
rs2791549	C	A
rs2791550	T	G
rs2791551	A	T
rs2791552	C	A
rs2820427	T	
rs2820430	T	
rs2820436	A	C
rs28562175	C	T
rs2857829	A	G
rs28583363	T	A
rs28613758	C	T
rs2862851	T	C
rs2878726	C	
rs2889351	T	
rs2899722	G	
rs2900342	G	A
rs2902345	C	T
rs3088189	A	G
rs3135109	A	G
rs3204689	G	C
rs33964154	A	G
rs33997653	A	G
rs34005367	T	A
rs34017441	C	T
rs34032327	C	
rs34084719	C	T
rs34114396	G	A
rs34115864	A	G
rs34157897	T	C
rs34173654	T	C
rs34215106	T	C
rs34455867	T	C
rs34459411	G	
rs34464763	A	T
rs34485661	A	G
rs34537256	G	A
rs34610878	C	
rs34612245	G	
rs34636573	C	T
rs34722686	G	A
rs34739010	A	G
rs34754793	A	T
rs34757451	G	A
rs34871384	A	C
rs34954168	T	C
rs35107891	G	C
rs35166564	T	C
rs35191251	A	C
rs35211965	C	G
rs35249778	C	G
rs35313041	C	T
rs35409678	G	A
rs35486863	G	C
rs35511675	A	T
rs35526119	T	C
rs35916068	G	A
rs35973114	C	G
rs35985089	C	
rs368037074	A	
rs368374612	A	
rs368942448	T	
rs3729876	C	T
rs3729877	G	T
rs3733039	T	C
rs3733041	T	
rs3733045	A	
rs375114507	C	A
rs375147347	A	G
rs3755380	C	G
rs3755381	T	C
rs3755383	A	T
rs3755384	A	G
rs3755385	T	
rs3755798	G	A
rs3755806	T	C
rs3757713	A	C
rs3771498	C	T
rs3771501	G	A
rs3771505	C	T
rs3774354	G	A
rs3774355	G	A
rs3774365	T	
rs3774366	C	
rs3779498	C	
rs3779500	T	C
rs3784260	G	T
rs3784262	C	T
rs3796353	T	C
rs3801958	T	C
rs3801959	A	G
rs3801963	T	C
rs3801965	G	T
rs3815148	A	
rs3821262	G	A
rs3821264	T	C
rs3821269	A	G
rs3823959	T	G
rs3823960	T	C
rs3850251	T	A
rs3852066	C	T
rs3887182	A	
rs3892354	G	T
rs3911078	A	G
rs3923387	C	T
rs3935755	A	G
rs3936211	T	C
rs3940337	T	C
rs3997499	G	T
rs4073082	C	
rs4130905	A	T
rs4234633	C	
rs4236	C	T
rs4237150	C	G
rs4285234	A	C
rs4288203	A	
rs4290285	A	G
rs4293933	C	
rs4336110	T	
rs4353719	G	A
rs4369598	T	G
rs4383836	A	G
rs4400216	T	G
rs4443429	T	
rs4443508	C	T
rs4475032	T	C
rs4478406	C	T
rs4479922	T	C
rs4498350	C	T
rs4515482	C	
rs4544895	A	T
rs4581512	G	T
rs4644056	T	G
rs4646563	C	T
rs4646586	A	C
rs4646593	A	G
rs4646611	C	T
rs4646612	C	
rs4646616	G	A
rs4646619	G	A
rs4646620	G	A
rs4646622	G	A
rs4646627	G	A
rs4646628	T	C
rs4646629	A	G
rs4646636	A	G
rs4646638	A	G
rs4646640	C	G
rs4687547	T	C
rs4687549	T	C
rs4687550	T	G
rs4687551	C	T
rs4687552	T	C
rs4687624	T	C
rs4687625	C	T
rs4687626	A	G
rs4687629	C	G
rs4687630	G	A
rs4687636	A	
rs4687637	C	T
rs4687638	A	
rs4687639	C	A
rs4687644	T	G
rs4687648	G	T
rs4687650	G	A
rs4727670	C	T
rs4727671	A	G
rs4730222	C	G
rs4730223	T	
rs4730224	T	A
rs4730226	A	C
rs4730227	G	
rs4730228	C	T
rs4730229	A	
rs4730231	C	G
rs4730232	G	C
rs4730233	C	T
rs4730241	G	A
rs4730242	G	
rs4730248	A	G
rs4763401	A	G
rs4763402	A	T
rs4763403	A	G
rs4763404	T	C
rs4764128	G	
rs4764129	G	A
rs4764131	T	C
rs4764132	C	T
rs4764133	T	C
rs4764134	G	A
rs4775005	G	A
rs4776337	G	
rs4776338	C	T
rs4776879	A	T
rs478081	A	G
rs4865462	A	G
rs4867568	C	T
rs4899763	T	C
rs4899764	G	T
rs4899765	T	
rs4903903	T	C
rs4903904	A	G
rs4907986	T	C
rs4908286	T	
rs4908289	C	T
rs4911178	A	G
rs4911179	A	C
rs4911180	G	A
rs4911491	G	C
rs4911492	A	G
rs4911493	G	
rs4911494	T	C
rs4911496	C	T
rs496547	A	
rs529125	C	T
rs55678971	A	T
rs55749096	T	C
rs55754956	A	
rs55779653	T	C
rs55780051	G	
rs55785959	C	T
rs55793744	T	G
rs55812715	C	T
rs55836855	C	T
rs55895668	C	T
rs55964727	A	C
rs55984967	T	A
rs56017760	C	T
rs56025506	C	T
rs56034811	T	C
rs56098033	T	A
rs56117011	A	C
rs56172130	G	A
rs56190461	A	T
rs562059	G	T
rs56283067	T	
rs56334578	A	
rs56337964	A	G
rs56357385	T	C
rs56397204	G	A
rs56401829	A	G
rs57039206	T	A
rs57268793	C	
rs57380671	C	T
rs57525841	C	G
rs58120888	C	G
rs58319984	A	
rs58570618	T	
rs58579887	T	C
rs58663672	C	T
rs59782202	G	
rs59900773	G	A
rs60255281	C	T
rs6060355	A	
rs6060369	C	T
rs6060371	T	G
rs6060373	A	G
rs6060401	T	
rs6060402	C	T
rs6087702	A	T
rs6087703	C	T
rs6087704	T	C
rs6087705	G	
rs6088791	T	C
rs6088799	C	T
rs6088800	T	
rs6088801	A	G
rs6088802	A	G
rs6088809	T	
rs6088812	A	T
rs6088813	A	C
rs6088815	G	C
rs6088816	A	G
rs6088817	C	
rs6088818	G	A
rs6088820	T	C
rs6088823	T	G
rs6088825	C	T
rs6088830	C	T
rs6090683	G	C
rs6090684	A	G
rs60913144	C	T
rs6094710	G	A
rs6094752	T	C
rs60978438	T	C
rs61014091	A	C
rs61406169	A	T
rs6141546	C	T
rs6141548	A	G
rs6141549	T	
rs6141550	C	T
rs6141551	T	C
rs6142351	A	G
rs6142353	G	
rs6142358	T	C
rs6142359	C	
rs6142360	C	T
rs6142363	C	T
rs6142364	C	T
rs6142367	A	G
rs6142369	G	T
rs6142370	A	G
rs6142373	T	A
rs6142374	T	C
rs6142376	A	T
rs6142377	G	A
rs6142378	T	A
rs6142379	G	A
rs6142380	C	G
rs6142381	A	
rs61511581	A	
rs61673847	G	A
rs61922970	C	T
rs61922971	A	G
rs62210591	G	A
rs62210593	C	T
rs62211529	C	T
rs62253700	T	A
rs62253703	C	
rs62253740	T	A
rs62255362	C	
rs62255364	T	C
rs62255371	A	G
rs62255396	C	T
rs62256903	A	
rs62400267	T	C
rs62400268	T	C
rs62400269	C	T
rs62400289	T	C
rs62400290	C	T
rs62400293	A	T
rs62436021	C	A
rs62436022	C	T
rs62436028	C	T
rs62436035	C	G
rs62436369	G	C
rs62436374	G	C
rs62436375	T	
rs62436376	C	T
rs62436395	T	C
rs62436396	C	T
rs62436411	T	
rs62436778	A	G
rs62436779	A	
rs62436780	A	T
rs62436782	T	A
rs62437968	A	G
rs62437972	A	G
rs62437973	A	G
rs62438018	G	
rs62438863	C	
rs62438864	A	
rs62438867	A	
rs62438877	A	G
rs62522555	C	G
rs62530291	G	A
rs6414569	T	A
rs6414570	A	G
rs6445529	T	A
rs6445531	C	T
rs6445534	G	A
rs6445535	C	
rs6450641	G	
rs6466160	T	A
rs6466162	T	C
rs6476839	T	A
rs6488714	T	C
rs6488715	G	A
rs6488718	T	C
rs6488720	G	A
rs6488721	T	
rs6488722	A	G
rs6488723	C	A
rs6488724	G	
rs6488725	C	T
rs6488726	C	T
rs6494624	G	T
rs6494626	T	C
rs6558407	C	T
rs6579234	A	G
rs6617	G	C
rs66531224	G	A
rs66632417	C	G
rs67016585	G	T
rs67016898	C	
rs67436073	A	G
rs67482087	T	
rs67539070	T	
rs67615407	T	A
rs67621984	A	
rs6762457	A	G
rs6762813	T	C
rs6766414	T	G
rs6767351	A	G
rs6768697	C	
rs6770463	A	G
rs6771464	A	C
rs6777515	C	G
rs6778329	A	
rs6778844	T	C
rs678	T	A
rs6780652	A	T
rs6786919	A	G
rs6787154	T	C
rs6788993	C	T
rs6790330	G	A
rs6792369	C	G
rs6795753	T	C
rs6796726	G	C
rs6798246	A	G
rs68021750	G	A
rs6803012	G	A
rs6804145	C	T
rs6805156	T	C
rs6808222	T	C
rs68137974	C	
rs6893396	A	G
rs6896511	A	G
rs6908606	G	A
rs6909047	G	
rs6919813	C	
rs6919873	G	A
rs6919998	C	T
rs6920046	A	
rs6924185	C	A
rs6927213	C	T
rs6946036	G	A
rs6946931	C	A
rs6949961	T	G
rs6951639	A	G
rs6960813	T	C
rs6963917	G	T
rs6964798	G	C
rs6964966	C	G
rs6965001	A	G
rs6967745	G	
rs6971675	G	
rs6971774	G	A
rs6976	T	C
rs6977868	G	
rs6979198	G	T
rs6979368	C	G
rs6984820	C	T
rs6989119	A	G
rs6991364	G	A
rs6992333	G	A
rs6993022	T	C
rs6993938	A	G
rs6994460	C	G
rs7006770	T	C
rs7010330	C	T
rs7013938	A	C
rs7014582	G	A
rs7016416	C	T
rs7016860	G	A
rs7132884	A	T
rs7135211	A	G
rs7155	G	A
rs71561434	T	C
rs7165247	C	T
rs7170896	A	
rs7177795	A	T
rs7178381	T	C
rs7178497	T	C
rs7181798	T	C
rs725444	C	
rs725445	T	C
rs7255019	G	A
rs725908	C	
rs7262358	C	T
rs72645259	T	C
rs72693398	A	G
rs72695409	T	C
rs72759898	C	
rs72858511	G	
rs72858517	C	
rs72860105	T	A
rs72865923	T	G
rs72865924	G	A
rs72869118	C	T
rs72877553	T	C
rs7294463	C	T
rs7294526	A	G
rs7294636	A	
rs7301929	C	G
rs7305000	G	
rs7306888	T	
rs7307883	T	C
rs7308508	A	
rs7310368	C	T
rs7310951	C	G
rs7311924	A	G
rs7349931	A	
rs735531	T	C
rs7357417	G	A
rs73913405	C	T
rs73913406	T	G
rs74064456	A	
rs74064457	G	A
rs74378923	A	G
rs74451547	C	A
rs74524528	A	G
rs74584447	T	
rs745931	A	T
rs7462197	C	G
rs74632724	G	A
rs7464572	C	G
rs746694	C	T
rs74745121	C	
rs74774133	T	C
rs748273	A	
rs74898466	A	C
rs74906766	A	T
rs74925723	C	G
rs7495968	G	C
rs74983157	G	A
rs75007274	A	G
rs75035695	T	
rs75154004	C	T
rs7517682	G	A
rs75203426	G	C
rs75243311	T	C
rs75254991	C	
rs75313693	C	T
rs75382408	T	
rs754106	T	C
rs755	C	T
rs756	T	
rs7561547	C	T
rs75639044	A	C
rs75659533	G	A
rs75672288	C	G
rs7571789	T	C
rs75723759	G	A
rs75932578	C	T
rs759441	T	A
rs75999022	T	
rs76020313	A	
rs7611731	C	T
rs7614498	T	
rs76145119	C	T
rs76167266	C	T
rs76208112	T	C
rs7622694	G	A
rs7624716	T	C
rs76257331	G	A
rs7625743	C	G
rs7628578	T	A
rs76299183	A	G
rs76307631	A	G
rs7638162	T	
rs76416524	G	C
rs7642198	T	C
rs7652191	T	C
rs7653028	T	A
rs76534758	C	T
rs76623552	A	G
rs76646886	C	T
rs767418	T	C
rs767842	T	C
rs76859341	G	C
rs76888321	C	
rs76933738	T	C
rs77013162	A	C
rs7701423	A	G
rs7704228	G	A
rs77082413	G	T
rs7711053	G	
rs77146033	G	
rs77185844	A	
rs7726943	A	G
rs7729223	T	C
rs7741727	A	G
rs77422419	G	
rs77487103	C	T
rs7756065	G	A
rs77605964	G	A
rs77641084	A	
rs7765371	A	G
rs77661919	T	
rs77671232	A	G
rs77727587	C	G
rs7777976	T	C
rs7779062	A	T
rs7781947	A	G
rs77829121	A	G
rs7783181	G	A
rs77878465	G	A
rs7789500	A	C
rs7793594	C	T
rs77936580	G	A
rs7794965	G	A
rs7798223	C	T
rs7800443	G	
rs7803290	C	T
rs7804979	C	G
rs78079372	T	
rs7809508	T	C
rs78133594	T	C
rs78181351	A	G
rs7818941	A	
rs7819099	G	A
rs7823393	G	C
rs78267892	C	T
rs7832643	T	G
rs7833924	G	A
rs78404515	A	G
rs78440378	A	C
rs78472146	A	C
rs78553765	C	T
rs78610616	C	T
rs788731	G	A
rs788739	C	T
rs788741	A	C
rs788742	A	T
rs788747	G	T
rs788748	A	G
rs78888729	G	C
rs79026644	A	G
rs79265970	G	A
rs79328953	T	C
rs79419592	T	C
rs79434636	C	A
rs79543528	T	C
rs79564258	A	
rs79607134	A	T
rs79619227	C	
rs7965448	C	T
rs7965885	A	G
rs7966998	G	A
rs79705824	C	
rs79778437	A	
rs7980899	C	T
rs7981	G	
rs79866171	C	G
rs79978998	T	C
rs80017637	C	T
rs80095766	T	G
rs80212020	T	C
rs8029398	T	C
rs80307895	T	
rs8033270	C	G
rs80341862	G	C
rs8044769	T	C
rs8047395	G	A
rs8055197	G	A
rs8057044	G	A
rs833058	T	C
rs835486	G	A
rs835487	A	G
rs835488	C	T
rs835490	T	C
rs835491	C	T
rs835492	A	G
rs835493	C	T
rs857601	G	
rs870387	T	
rs878639	A	G
rs8906	C	T
rs9324	T	C
rs9325	T	A
rs9341526	C	T
rs9341528	C	T
rs9341531	T	C
rs9343292	G	A
rs9343297	C	
rs9343299	T	C
rs9343301	T	C
rs9343315	C	T
rs9350591	C	T
rs9350593	C	T
rs9350596	G	T
rs9352217	C	T
rs9352223	T	G
rs9352224	G	A
rs9352228	A	T
rs9352231	C	T
rs9352232	T	
rs9359125	A	
rs9359127	C	G
rs9359128	C	T
rs9359129	T	C
rs9359133	C	G
rs9359135	C	
rs9360913	G	
rs9360921	T	
rs9360924	C	T
rs9360926	C	T
rs9360930	A	T
rs9360932	C	T
rs9367210	G	A
rs945006	T	G
rs9463042	C	
rs9463043	C	T
rs9472365	C	G
rs9472367	T	C
rs9483336	G	A
rs9534442	C	T
rs9534445	C	
rs9567710	A	C
rs958685	A	C
rs9641378	C	T
rs9641380	C	
rs964588	G	A
rs9668569	C	T
rs9758945	G	
rs9789945	C	T
rs9790131	C	A
rs981818	A	
rs981819	C	T
rs9824199	C	T
rs9881468	C	T
rs9917834	C	
rs9922047	G	C
rs9970114	G	A
rs997311	A	G
rs998909	G	A