chr1	6157799	A	G	rs9434741
chr1	10220716	G	A,T	rs6702280
chr1	10308041	A	G	rs17401588
chr1	10377746	G	A	rs4240913
chr1	10398382	C	T	rs6670157
chr1	19872747	T	C	rs184864247
chr1	21440283	G	C,T	rs113548640
chr1	25990892	G	A	rs2992056
chr1	25996879	C	A	rs3008423
chr1	26004433	C	T	rs2992058
chr1	27940446	A	C	rs56156615
chr1	27943535	T	A,C,G	rs12409437
chr1	55181599	T	C	rs11206521
chr1	59647215	G	T	rs78842370
chr1	59653296	G	A,C,T	rs6671322
chr1	59653409	T	C	rs6684269
chr1	59654863	G	A,C	rs28714503
chr1	59660988	T	C	rs74086291
chr1	59893310	T	C	rs2280273
chr1	59893405	A	T	rs2280274
chr1	63889108	C	T	rs74077483
chr1	63893479	A	G	rs72928798
chr1	66264097	A	C,T	rs1569929
chr1	66266203	G	C	rs6588193
chr1	66296783	T	C	rs546784
chr1	66301445	A	G	rs495477
chr1	66301484	T	C	rs494735
chr1	69895690	G	T	rs12029982
chr1	71014911	T	C	rs3765892
chr1	71017474	A	G,T	rs2268058
chr1	71017681	A	G	rs2268059
chr1	71018221	T	C,G	rs2223502
chr1	71022452	A	C	rs10789316
chr1	71022606	C	T	rs4437828
chr1	71022689	G	A,C,T	rs4549988
chr1	71022758	C	A,T	rs4361943
chr1	71022940	A	G	rs4511057
chr1	71022990	C	T	rs4439319
chr1	71023044	T	A,C	rs4425937
chr1	71023151	G	A	rs10399632
chr1	71023186	A	G	rs10399806
chr1	71025497	T	A,C	rs12139719
chr1	71025690	G	A	rs10399704
chr1	71025774	T	G	rs10399797
chr1	71025806	G	A	rs10399705
chr1	71026028	C	G,T	rs10399706
chr1	71026242	T	A,C	rs12139935
chr1	71033475	C	T	rs2300178
chr1	71037173	A	C,G,T	rs12739685
chr1	74038142	T	A,C	rs74900124
chr1	85348895	A	G	rs2284798
chr1	88919279	G	A	rs7546435
chr1	88929686	A	G	rs113641409
chr1	88937045	T	C	rs115378886
chr1	88946944	T	C	rs10922523
chr1	88947216	C	T	rs10436920
chr1	88947381	T	C	rs10436915
chr1	88947406	T	C	rs10436916
chr1	88949974	G	A	rs12092993
chr1	88961870	A	G	rs12090796
chr1	88961926	T	G	rs12091922
chr1	88980901	C	A	rs80282187
chr1	88981794	T	C	rs150625611
chr1	88993078	T	A,C,G	rs12127787
chr1	89001559	C	A,G	rs12140979
chr1	89082426	G	A	rs17130730
chr1	89085968	A	G	rs4656087
chr1	101258216	T	C	rs17123954
chr1	101258415	C	T	rs17123959
chr1	109751955	A	G	rs2274536
chr1	115076267	G	T	rs12743495
chr1	115076281	G	A,T	rs12743506
chr1	115084293	T	C	rs12564786
chr1	115091681	G	A	rs79372788
chr1	145747986	T	C	rs80314439
chr1	145886094	T	C	rs142186733
chr1	152981489	T	A,C,G	rs73012496
chr1	159798749	C	T	rs12090961
chr1	166057752	G	A	rs6660910
chr1	166121329	C	G,T	rs73041258
chr1	172338538	T	C	rs17368942
chr1	172343779	G	A	rs10489286
chr1	180935816	C	A,G,T	rs113108579
chr1	181475606	C	T	rs4145895
chr1	182852450	A	G	rs7417146
chr1	182864058	G	C	rs115582361
chr1	182869337	C	A,T	rs10911152
chr1	182881264	C	T	rs116290610
chr1	182889653	A	G	rs116083280
chr1	182897989	G	A	rs75400621
chr1	182921379	T	C	rs10911164
chr1	182927968	A	G	rs76171738
chr1	182930538	C	T	rs193068609
chr1	182945415	A	G	rs115494424
chr1	183589143	C	T	rs35832000
chr1	192133628	C	T	rs4128880
chr1	192139135	A	G	rs12070423
chr1	192148472	C	A,T	rs6687273
chr1	192151874	G	A,T	rs4077239
chr1	192158507	T	G	rs4495675
chr1	192168015	T	A,C,G	rs10754003
chr1	192182044	A	C,G,T	rs1937235
chr1	192194880	G	A,C,T	rs1175170
chr1	196739042	T	C	rs408497
chr1	196739565	C	A	rs405306
chr1	206700389	C	T	rs17350838
chr1	206722910	T	C	rs28394820
chr1	207090194	C	T	rs11120184
chr1	209774540	T	A,C	rs4140636
chr1	210340809	T	A,C	rs1890303
chr1	212915152	T	C	rs12042181
chr1	212920399	C	A,G,T	rs3816954
chr1	214519288	C	T	rs116175957
chr1	220770459	T	A,C	rs6697965
chr1	230281548	A	G	rs1043908
chr1	237887255	A	G	rs505278
chr1	241840237	T	C	rs16842196
chr1	244394591	C	A,G,T	rs3127484
chr1	244395406	G	A,C	rs3101467
chr1	244395969	C	A,G,T	rs3127486
chr1	244407208	G	A	rs3101470
chr1	244422357	A	C,T	rs3127457
chr1	244444879	A	C	rs3003213
chr1	244445790	G	A,C	rs3006004
chr1	247089534	C	T	rs12144733
chr1	247089772	G	A,T	rs35314391
chr1	247089890	C	A,T	rs35511369
chr1	247090191	T	C	rs2379193
chr1	247090264	A	G	rs2890103
chr1	247090281	G	A	rs2890104
chr1	247090383	C	G,T	rs2890105
chr1	247090429	T	A,C,G	rs77426740
chr1	247090597	C	T	rs57003817
chr1	247090601	T	C	rs60293371
chr1	247090608	A	C	rs60677310
chr1	247090748	G	A,C	rs34350972
chr2	1032144	C	A,T	rs4971336
chr2	17723427	C	G,T	rs7598718
chr2	17733972	G	C	rs6743259
chr2	17753564	G	A,C	rs187116045
chr2	17758269	G	A	rs73921072
chr2	25399570	C	G,T	rs6724910
chr2	25402990	T	A,C	rs7583617
chr2	40004445	G	A,C,T	rs1861264
chr2	40759638	T	C	rs4952427
chr2	40790158	C	G	rs4952429
chr2	46847973	T	G	rs77680736
chr2	51391375	A	C,G	rs7557697
chr2	51391496	A	C,G	rs1111200
chr2	51398934	T	A,G	rs2160406
chr2	51399041	C	T	rs10207678
chr2	51404190	C	G,T	rs1121142
chr2	54116055	T	G	rs9808489
chr2	54124707	T	A,C	rs13384747
chr2	54124764	G	A	rs28559613
chr2	54125014	A	C,G	rs28376974
chr2	62506066	A	T	rs78110679
chr2	69960595	A	C,G	rs12464297
chr2	85516213	G	T	rs10174551
chr2	85545505	C	T	rs62165899
chr2	85546887	C	G,T	rs34669893
chr2	85570542	A	G	rs13429968
chr2	85571735	G	A	rs2121397
chr2	85584951	C	G,T	rs13387999
chr2	85705880	C	T	rs12151742
chr2	85707376	C	A,T	rs12151621
chr2	85707529	T	C	rs12151752
chr2	101089527	G	A	rs2165428
chr2	101094334	G	A	rs6755081
chr2	101114109	C	G	rs7559325
chr2	101114695	G	C,T	rs7588389
chr2	106843706	G	A,T	rs80079355
chr2	106847693	T	C	rs1375004
chr2	134553623	C	A,G	rs16830788
chr2	134713845	G	A,C,T	rs16830943
chr2	134725790	T	A,C	rs3739033
chr2	143754815	C	G	rs9653186
chr2	145366886	C	A,T	rs17481869
chr2	148940950	G	C	rs73970608
chr2	148942702	T	C	rs61734995
chr2	148943389	G	A	rs9711882
chr2	148943596	A	G	rs9711441
chr2	148948559	C	T	rs11893617
chr2	148949194	G	A	rs9679707
chr2	148952758	T	C	rs6751242
chr2	148956996	C	A,G	rs73965218
chr2	148961756	A	G	rs73965226
chr2	148970462	C	T	rs7564570
chr2	149538411	G	A,C,T	rs10207875
chr2	149544655	C	A,G,T	rs13003409
chr2	149563379	T	A,C,G	rs7571890
chr2	149564944	C	A,G	rs10204282
chr2	149565423	T	A,C	rs12992696
chr2	149574824	T	A,C,G	rs6744828
chr2	149574840	G	A,C,T	rs6724414
chr2	149577445	C	G	rs4413131
chr2	149597680	C	T	rs11674815
chr2	168069076	T	C	rs141928838
chr2	168069137	T	C	rs147302333
chr2	168069152	A	G	rs140975011
chr2	168070265	A	C,G	rs115694527
chr2	168070293	T	A,C,G	rs116160749
chr2	168070954	C	T	rs16854635
chr2	168078902	C	A	rs16854671
chr2	168079519	C	T	rs115684341
chr2	168079528	G	A,C	rs116772742
chr2	196389306	A	C,T	rs16850683
chr2	201882901	G	A	rs13425892
chr2	201890380	A	G	rs12052898
chr2	201890453	A	G,T	rs12052900
chr2	201891480	C	T	rs13385173
chr2	219171103	T	C	rs12467617
chr2	222714660	A	T	rs76570892
chr2	222716230	T	G	rs11888634
chr2	223959767	C	G,T	rs11546406
chr2	223959978	T	C,G	rs35331337
chr2	241336136	C	G	rs6739848
chr2	241382170	A	G	rs6719338
chr2	241440222	G	A,T	rs76092095
chr3	3961429	T	A,C,G	rs317551
chr3	3961572	G	C,T	rs317550
chr3	4400051	T	G	rs7612868
chr3	7189194	A	G	rs73126227
chr3	7352042	A	T	rs9860341
chr3	12819503	A	T	rs9875294
chr3	14124894	T	C	rs2733578
chr3	14125708	T	G	rs2733581
chr3	37054533	T	C	rs749072
chr3	40406477	T	C	rs13316488
chr3	46187441	T	C	rs112287655
chr3	46191994	G	A	rs41511545
chr3	51983556	G	A	rs115854290
chr3	52171784	G	C	rs352646
chr3	53005439	G	A,C,T	rs1529544
chr3	59886003	A	G	rs7626705
chr3	59953367	G	A	rs12487051
chr3	111985142	G	C,T	rs13068845
chr3	111989286	G	A,C,T	rs3792405
chr3	112871493	G	A,C	rs6805959
chr3	113886051	T	G	rs3796244
chr3	113890556	G	A	rs9862440
chr3	113895668	A	G	rs4682510
chr3	113911963	G	A	rs9843141
chr3	113911973	C	T	rs9842897
chr3	117013579	C	G,T	rs11710919
chr3	118650589	G	A,T	rs75893356
chr3	119845086	C	A,T	rs115310619
chr3	120436987	G	A,C,T	rs1733306
chr3	120437156	T	A,C,G	rs1733307
chr3	126729363	C	T	rs9867822
chr3	126746273	C	T	rs998714
chr3	130670261	G	A	rs17691983
chr3	130692203	T	A,C	rs13340198
chr3	130692668	A	C,G	rs78332988
chr3	130699821	A	G	rs6785335
chr3	130712581	T	C,G	rs74464627
chr3	130712637	T	C,G	rs75219664
chr3	130715358	G	A	rs60653573
chr3	130715364	C	G,T	rs61098381
chr3	130772387	T	C	rs17693282
chr3	148791777	A	G	rs16860930
chr3	148873002	G	A	rs73016124
chr3	149340278	G	A,C	rs7426865
chr3	157144576	T	C	rs74490163
chr3	157153733	T	C,G	rs79208817
chr3	157197082	C	A,G	rs73012183
chr3	157210326	A	G	rs73012196
chr3	157220186	A	T	rs73014206
chr3	157226163	A	G	rs73014214
chr3	157247195	C	A,T	rs73014249
chr3	157342835	C	T	rs146353052
chr3	169242109	T	G	rs80007910
chr3	170499337	T	G	rs11929657
chr3	183249237	G	A,C	rs16857207
chr3	184125100	C	T	rs9834014
chr3	184135073	A	G	rs2292611
chr3	186281095	T	C,G	rs2239626
chr3	187000957	A	C	rs13322676
chr3	187004574	T	C	rs17775791
chr3	187004662	T	G	rs7617523
chr3	187077852	G	A,C	rs1801380
chr3	187084869	C	T	rs12629773
chr3	190338964	G	A,T	rs58806135
chr3	190339344	T	C	rs16865406
chr3	192565684	G	A	rs59425541
chr3	193576518	G	A,C,T	rs12489198
chr3	193581842	C	G,T	rs7653046
chr3	193585142	G	A,C	rs7618509
chr3	193605081	T	G	rs9819038
chr3	193633048	T	A,G	rs13096511
chr3	193633087	G	T	rs13078398
chr4	774504	G	A	rs7696341
chr4	782106	G	A,T	rs10471237
chr4	788402	T	C	rs6815765
chr4	1727620	A	G,T	rs1793997
chr4	1727621	T	A	rs2854908
chr4	1727698	C	G,T	rs2592828
chr4	1739807	C	T	rs4077096
chr4	1741609	C	T	rs7654245
chr4	1746759	G	A,C	rs1867923
chr4	6058645	A	C,G,T	rs6821462
chr4	15733919	T	C	rs4502676
chr4	16011425	C	G,T	rs17387271
chr4	33970262	A	C,T	rs6531288
chr4	34006786	T	A,C	rs13142608
chr4	34037570	C	A,T	rs13112123
chr4	38781550	T	C	rs59672618
chr4	38781650	T	A	rs73142641
chr4	38782603	G	A	rs28705856
chr4	38782605	T	C	rs28760527
chr4	38783009	G	A,C,T	rs10012016
chr4	38785886	A	G	rs12233776
chr4	38785980	C	T	rs12233690
chr4	38786062	T	C	rs12233799
chr4	38786643	T	C	rs112347728
chr4	44613853	C	T	rs2018115
chr4	44634432	C	T	rs112266787
chr4	44664127	A	C,G	rs114964171
chr4	44664130	A	C	rs115208906
chr4	44664233	T	C,G	rs16857352
chr4	44668542	T	C	rs74347214
chr4	44668650	T	G	rs78548003
chr4	44668678	T	C	rs75116856
chr4	44668740	T	C	rs74810474
chr4	44668797	A	G	rs79163745
chr4	44668903	C	A,G,T	rs79765254
chr4	44669681	T	C	rs6851239
chr4	44670442	A	G	rs77532695
chr4	44671028	C	T	rs76167976
chr4	44678307	T	A,C,G	rs76028399
chr4	44678897	A	G	rs74985632
chr4	44684689	A	G	rs74717185
chr4	44688380	A	G,T	rs74342470
chr4	44699330	G	A,C	rs113522604
chr4	53933078	T	C,G	rs871606
chr4	55398774	C	G,T	rs1011095
chr4	55445780	A	G,T	rs13121235
chr4	55539039	C	T	rs10005989
chr4	55540069	G	A,C	rs28525309
chr4	55554580	A	C,G,T	rs6851838
chr4	55555009	A	T	rs10034433
chr4	55581862	C	T	rs2130036
chr4	68011804	A	C,T	rs3860694
chr4	68132435	A	C	rs7687396
chr4	68152963	C	G,T	rs4241687
chr4	68173398	G	A,C	rs28798743
chr4	73864190	G	A	rs3111692
chr4	73864514	T	A	rs2886927
chr4	73865561	G	A,T	rs3117598
chr4	73865642	G	A	rs3111694
chr4	73868951	T	C,G	rs3117604
chr4	75016988	T	C	rs72860993
chr4	75018920	G	A	rs17000093
chr4	78059360	G	T	rs28733880
chr4	78063363	T	A,C	rs1502886
chr4	78065360	A	C,T	rs1502885
chr4	78065728	G	A	rs1502884
chr4	78068518	G	C	rs10016229
chr4	78068562	T	C,G	rs10008489
chr4	82715528	T	A,C	rs76281515
chr4	94307703	G	A	rs78486326
chr4	94307820	A	G	rs184027717
chr4	94308280	C	T	rs11941178
chr4	94308373	T	A	rs11946095
chr4	94314776	G	T	rs181410582
chr4	94314789	C	A,T	rs186374315
chr4	94314790	T	G	rs191230191
chr4	94314881	T	G	rs147383880
chr4	94314989	C	A,T	rs144829676
chr4	94315066	C	T	rs115863939
chr4	94325126	C	T	rs143051979
chr4	94325594	G	A,T	rs140230560
chr4	94326104	C	A,T	rs77678276
chr4	94326207	C	T	rs116111998
chr4	98643409	C	T	rs11097627
chr4	108808477	C	G,T	rs35400215
chr4	112854670	T	A,C	rs17615706
chr4	139856913	A	C,G	rs10018246
chr4	139858791	C	A,G	rs3106324
chr4	142163240	C	A	rs7674442
chr4	144769033	C	A,G,T	rs12500345
chr4	146639259	T	C,G	rs13152799
chr4	146640502	C	G	rs3827594
chr4	170007523	C	A,T	rs17055381
chr4	170007867	G	A	rs72972959
chr4	170008315	C	G	rs6815551
chr4	170008324	G	A,C	rs6814112
chr4	180153254	C	A,T	rs4861835
chr4	185210780	G	T	rs2177796
chr4	185350515	T	C	rs6810987
chr4	185352334	A	G	rs6846997
chr4	186202787	C	A,T	rs6810892
chr5	403991	C	A	rs7726427
chr5	444006	C	A	rs79703785
chr5	465920	C	T	rs78942037
chr5	33527202	A	G	rs16891281
chr5	60844259	G	C,T	rs34598791
chr5	60889598	G	A,C	rs35948426
chr5	60928029	C	G	rs4647066
chr5	60943616	G	A	rs158572
chr5	60943871	C	A,G,T	rs158931
chr5	60945315	G	A,T	rs158921
chr5	60958014	C	G,T	rs158923
chr5	60960712	T	C	rs34155831
chr5	60960805	G	A	rs34089429
chr5	60961623	A	G	rs9763225
chr5	60963153	A	C,G,T	rs290509
chr5	60994372	G	A,C	rs162247
chr5	61010460	T	C	rs12153228
chr5	61043779	C	A,G,T	rs248677
chr5	61046175	A	C,G,T	rs187459
chr5	61054021	C	G,T	rs34639
chr5	61172856	C	T	rs124899
chr5	61739623	A	C	rs17430144
chr5	75633490	G	A	rs7727341
chr5	76602371	C	T	rs17652394
chr5	79529279	A	G,T	rs7720554
chr5	79529866	G	A,T	rs4704561
chr5	80205737	T	C,G	rs59411952
chr5	80747585	C	T	rs6151759
chr5	81972251	C	G	rs111549985
chr5	82074941	T	C	rs73134739
chr5	82082155	G	A,C,T	rs4703867
chr5	82152176	A	C,G	rs1428940
chr5	82152464	G	A	rs60733727
chr5	82195268	G	A,C,T	rs891159
chr5	82253397	C	T	rs1864183
chr5	82253421	C	A,G,T	rs1864182
chr5	82253461	C	A,G,T	rs1864181
chr5	82257996	A	C,G	rs4703879
chr5	82259509	T	A,G	rs2407153
chr5	82267081	T	A,C,G	rs7709194
chr5	82273115	G	A	rs73138787
chr5	82273269	C	G,T	rs111772743
chr5	82273474	A	C	rs3738
chr5	82273492	A	G	rs3739
chr5	82278363	C	T	rs6880209
chr5	82289918	C	A,G,T	rs862245
chr5	82291747	A	G	rs862242
chr5	82294251	A	T	rs6870335
chr5	82298929	C	T	rs6894520
chr5	82340549	A	G	rs2407156
chr5	82356954	G	A	rs17247678
chr5	82379837	C	T	rs4554184
chr5	102216506	G	A,C	rs3889437
chr5	102218439	G	A	rs7735136
chr5	111082792	T	C	rs9326819
chr5	127029009	T	A,G	rs7709865
chr5	127041548	A	G	rs6860581
chr5	127046829	A	G	rs6595747
chr5	127057791	G	C	rs61544197
chr5	127060268	C	T	rs59770843
chr5	132488235	T	A,C	rs10035166
chr5	132555737	C	G,T	rs2522404
chr5	132557287	G	A,C,T	rs4526098
chr5	132558354	T	G	rs2548985
chr5	132578109	A	G	rs2522412
chr5	135149070	G	A	rs587829
chr5	138283236	G	A,C,T	rs6874130
chr5	138505171	A	G	rs13164092
chr5	138505574	A	G	rs55985421
chr5	138513377	G	A	rs7714751
chr5	138519235	T	C	rs13155345
chr5	138522803	G	A,C	rs13165802
chr5	138526893	G	T	rs154075
chr5	138527445	A	C	rs154076
chr5	138536427	G	A,T	rs462783
chr5	138568109	T	C	rs256013
chr5	138591930	C	A,G	rs11738995
chr5	141122501	A	G	rs34350292
chr5	145650983	A	G	rs10477284
chr5	145651329	A	G	rs62392286
chr5	145690489	C	G,T	rs6884613
chr5	147437770	G	A	rs11958380
chr5	147437784	A	G	rs11955404
chr5	147440172	A	G	rs183084071
chr5	147478922	T	G	rs114586402
chr5	149829983	C	A,T	rs32580
chr5	160779603	T	A,C	rs7734182
chr5	169069595	T	G	rs17734771
chr5	169072227	A	G	rs10462979
chr5	169081145	C	A	rs58136256
chr5	170484803	C	T	rs10054436
chr5	179638147	C	T	rs4700818
chr5	179659623	C	T	rs72824570
chr6	10747763	T	C	rs9689337
chr6	17948407	A	G	rs12198586
chr6	17957867	C	A,G,T	rs16880094
chr6	17972790	C	T	rs57506830
chr6	22556829	G	A	rs9460757
chr6	24908417	G	A,C	rs932494
chr6	24918887	A	C,G,T	rs2064524
chr6	26358547	T	C	rs9393704
chr6	26360783	G	A,T	rs9393705
chr6	26361272	G	A,T	rs9393706
chr6	26364400	A	C,G	rs9357006
chr6	26365358	T	C	rs28362606
chr6	26365531	T	C,G	rs68112369
chr6	26365538	T	C	rs66827971
chr6	26366608	A	C	rs9379856
chr6	26367426	G	C	rs9379857
chr6	26367461	T	C	rs9379858
chr6	26372558	A	G	rs12176317
chr6	26372599	C	T	rs12174602
chr6	26372858	C	A,G,T	rs12174623
chr6	26372893	G	A,C,T	rs12174639
chr6	26372922	C	T	rs12174631
chr6	26374931	A	G	rs2073529
chr6	26375015	T	C	rs2073530
chr6	26375028	A	G	rs2073531
chr6	26375417	G	A	rs9393715
chr6	26375430	G	A	rs9348716
chr6	26375626	C	G	rs9379871
chr6	26392287	G	C	rs2072803
chr6	26402489	T	C,G	rs9379873
chr6	26421117	T	C	rs2393667
chr6	29834773	C	T	rs2523793
chr6	29834774	T	C	rs2523792
chr6	29835332	A	C,G	rs2517890
chr6	29837964	T	A	rs2735015
chr6	29838032	C	A	rs2735014
chr6	29838145	G	A	rs2253981
chr6	29839229	T	C	rs2735011
chr6	29841801	C	A,G,T	rs2523774
chr6	30877786	G	C	rs1264332
chr6	30908122	A	C,G,T	rs1264309
chr6	30914500	C	T	rs1264305
chr6	30915079	A	G,T	rs1264300
chr6	30925449	C	A,G	rs2532939
chr6	30925474	G	A	rs2252856
chr6	30925651	G	A,T	rs2252863
chr6	30926054	G	A	rs2532938
chr6	30926631	A	C,G	rs2532936
chr6	30926796	C	T	rs2532935
chr6	30953113	G	A	rs2240804
chr6	30955750	C	T	rs17189763
chr6	30955852	C	T	rs2532920
chr6	32730691	C	A,T	rs9276164
chr6	32731485	T	C	rs9276188
chr6	32731573	C	A,T	rs9276190
chr6	32731660	C	A	rs9276191
chr6	32739808	G	A	rs9276375
chr6	32763536	T	A	rs9276585
chr6	39320758	G	A,C	rs4714237
chr6	39321111	A	G,T	rs1885622
chr6	39321685	C	A	rs2894423
chr6	39321738	A	G	rs4714238
chr6	39321874	G	A,C,T	rs9462529
chr6	53652180	G	A,T	rs61743886
chr6	54215170	G	A	rs11757700
chr6	54218667	C	T	rs34961553
chr6	54222886	C	A,G	rs4712059
chr6	54237659	G	A	rs10456172
chr6	54239168	A	G	rs9395917
chr6	54239368	A	C,T	rs9395918
chr6	54248087	A	G,T	rs7740331
chr6	54248369	A	G	rs2185505
chr6	54249464	T	C	rs9296743
chr6	54284312	G	A,T	rs9474786
chr6	64903593	G	C	rs16895989
chr6	64923068	G	A,T	rs768378
chr6	64926030	C	G,T	rs11754641
chr6	70430664	A	G	rs17706748
chr6	70440983	C	T	rs76730904
chr6	70449586	T	A,C	rs76320501
chr6	70454310	C	T	rs112823113
chr6	70494450	T	C	rs76920724
chr6	70516453	G	A,C	rs17635446
chr6	70516622	G	A,C	rs112005381
chr6	70557963	G	A	rs56143128
chr6	70593014	C	G,T	rs9455181
chr6	70593212	A	G	rs9455182
chr6	70593484	A	T	rs12191321
chr6	71756585	C	A,G,T	rs1932321
chr6	73367123	C	T	rs55776330
chr6	73369511	C	G,T	rs12214308
chr6	78944437	A	T	rs7740307
chr6	78962721	T	C	rs3805746
chr6	78990608	G	A,C	rs3818839
chr6	79062636	T	A,G	rs9343867
chr6	79086886	T	G	rs9443642
chr6	107043191	A	G	rs4946807
chr6	107049256	A	G	rs9400081
chr6	110305485	A	G	rs9487365
chr6	110323067	G	A,C,T	rs9487377
chr6	129687300	A	C	rs12660691
chr6	137042698	G	A,C	rs3799487
chr6	137196354	A	T	rs7759040
chr6	139144856	A	G	rs3777684
chr6	139187197	A	G	rs3898360
chr6	139187219	C	A,G	rs1406817
chr6	146336612	T	C	rs76284360
chr6	149566308	T	A,C	rs62439782
chr6	149575540	C	A,G,T	rs4870144
chr6	149593917	C	A,G,T	rs3734295
chr6	149596021	G	A,T	rs3777949
chr6	149599113	C	A,T	rs9322194
chr6	149622016	A	C,G,T	rs55993747
chr6	149625336	G	C,T	rs2064521
chr6	149627691	G	A	rs57012784
chr6	149628792	C	A,G,T	rs9717327
chr6	149628899	A	C	rs9505823
chr6	149640116	C	G,T	rs7740278
chr6	149650951	G	A,C	rs12529698
chr6	149650996	G	A,C	rs11155671
chr6	149683643	A	C,G,T	rs3798761
chr6	149702964	T	C,G	rs10872643
chr6	149711111	T	C	rs11155674
chr6	149716436	A	G,T	rs4870529
chr6	149716807	A	G,T	rs9767309
chr6	149718225	C	A,G	rs2297932
chr6	149718360	T	A,C	rs2297930
chr6	149746539	A	G	rs10872646
chr6	149760959	A	G,T	rs10872650
chr6	160042395	G	T	rs77216497
chr6	161365609	C	T	rs9456665
chr6	166955405	A	G	rs77241275
chr6	166956742	T	A,C	rs2247314
chr6	166956865	G	T	rs2757039
chr6	166973871	C	G,T	rs7750593
chr6	166989048	G	A	rs1951459
chr7	964887	T	A,G	rs2397
chr7	965635	C	G	rs10235055
chr7	965940	C	T	rs115179201
chr7	966314	C	A,T	rs28448690
chr7	17965614	A	G	rs9648238
chr7	22488971	C	G,T	rs10234308
chr7	22489043	G	A	rs10234642
chr7	22499885	G	A,C	rs6970993
chr7	22501614	T	G	rs140430912
chr7	25778677	C	A	rs12540719
chr7	30778684	C	T	rs12667436
chr7	30788630	A	C,G	rs12665941
chr7	33141389	C	G,T	rs55692505
chr7	33156120	G	A,C	rs4720108
chr7	33195513	G	A	rs7792350
chr7	47895089	A	G	rs115309039
chr7	47895319	G	A	rs114459159
chr7	47895415	G	A	rs115511141
chr7	47895479	G	A	rs115982654
chr7	50404626	G	A	rs62445866
chr7	50407623	T	C	rs10264390
chr7	50409816	T	A,C,G	rs17133805
chr7	50434288	C	G	rs6976009
chr7	50456764	C	A,T	rs4948010
chr7	50480758	G	A	rs4947576
chr7	50493577	A	G	rs76596115
chr7	50497197	G	A,T	rs4948216
chr7	50505749	C	A	rs74518800
chr7	50506528	C	T	rs1817073
chr7	50546605	G	A	rs76899740
chr7	50566852	T	A,G	rs191701229
chr7	55253145	T	C	rs10226576
chr7	64643576	C	A,G	rs6970764
chr7	64656018	C	G,T	rs6973333
chr7	64656560	C	A	rs6974242
chr7	64656561	A	G,T	rs6955970
chr7	64666122	G	A,C	rs6460173
chr7	64668404	G	A,C,T	rs10085367
chr7	64668738	T	C	rs10273013
chr7	64668967	C	A,G,T	rs73136779
chr7	64674627	C	A,G	rs2902328
chr7	64679085	G	A,T	rs7804972
chr7	64685446	G	A	rs28879694
chr7	64686791	C	T	rs2529
chr7	64689550	C	A,T	rs3750029
chr7	64689632	C	T	rs2862798
chr7	64689889	A	G	rs2862797
chr7	64694307	A	G,T	rs7802372
chr7	64699497	T	C	rs28537641
chr7	64704648	T	C	rs2862794
chr7	64712011	C	A,T	rs4718104
chr7	64717480	C	G,T	rs34126100
chr7	75955470	G	A,T	rs886785
chr7	80763055	T	C	rs10085651
chr7	87976303	C	A,T	rs1688888
chr7	88002407	A	G,T	rs2022160
chr7	93944248	G	A,C	rs17165935
chr7	95285545	C	T	rs705377
chr7	99422197	A	G	rs10264303
chr7	100015853	C	A,T	rs1060544
chr7	100023136	G	A	rs6974305
chr7	100039324	A	G	rs73158420
chr7	100045122	A	C,G	rs4424195
chr7	100059304	A	G,T	rs12705070
chr7	100101546	A	G,T	rs1534310
chr7	100127587	G	C,T	rs142426754
chr7	100232658	C	T	rs192156380
chr7	100324770	T	C	rs112659704
chr7	100352674	A	C,G,T	rs7795656
chr7	100352785	A	C,G	rs7795805
chr7	100352804	G	T	rs7799894
chr7	100352827	G	A,T	rs7799901
chr7	100352885	G	C	rs7799932
chr7	100356834	G	A,T	rs41280971
chr7	100367038	A	G	rs11769057
chr7	100372565	C	T	rs6948685
chr7	100374499	A	G	rs7792525
chr7	100374780	C	A,T	rs7792959
chr7	100379959	T	G	rs73401443
chr7	100382481	T	C,G	rs2108269
chr7	100473135	T	C	rs4472444
chr7	100475669	A	G	rs11766752
chr7	108491688	G	A	rs77533489
chr7	108580224	C	A,T	rs111753058
chr7	108593350	A	G	rs11981108
chr7	119428076	T	G	rs6977904
chr7	119450419	T	G	rs7800128
chr7	128962938	T	A,C	rs1495458
chr7	139855875	G	C	rs80350582
chr7	139876162	A	G	rs79407723
chr7	140002794	G	A,C	rs17837497
chr7	142939607	T	C	rs11977017
chr7	149868572	C	T	rs78570590
chr7	149872776	G	T	rs112562333
chr7	149873141	A	G	rs60859340
chr7	149873946	A	C,G	rs145697964
chr7	154337775	G	C	rs7807401
chr7	154343398	A	G	rs7810072
chr7	154343516	G	A	rs7810600
chr7	155816307	C	A,G,T	rs73735501
chr8	3193593	T	C,G	rs17079571
chr8	3206502	G	A,C,T	rs113293783
chr8	8872390	G	A	rs10098667
chr8	8872632	A	G	rs11991673
chr8	17596624	G	A,T	rs2705041
chr8	17596634	A	G	rs2720476
chr8	17596651	G	A,C,T	rs2705040
chr8	17596676	G	A	rs2246491
chr8	17596844	C	A	rs2705038
chr8	17597135	C	T	rs2904707
chr8	17597186	A	G	rs73563767
chr8	17597222	A	T	rs2299569
chr8	17597240	A	C,G	rs74861035
chr8	17597241	C	T	rs79178475
chr8	17597264	G	A	rs73563769
chr8	17597334	A	C,G,T	rs73563771
chr8	17626451	T	G	rs11990901
chr8	17626789	G	C	rs10096262
chr8	17627017	G	A	rs10096504
chr8	17627047	G	A,T	rs10096523
chr8	17899027	A	G	rs365940
chr8	17903251	T	C	rs408933
chr8	17903387	G	A	rs443923
chr8	17903432	G	A	rs443949
chr8	17904763	T	C	rs365338
chr8	17904779	C	T	rs398966
chr8	25168712	T	C	rs75191593
chr8	25184059	C	G	rs11135852
chr8	25184384	G	A	rs75613478
chr8	25184822	G	A,T	rs112880266
chr8	25185000	C	T	rs75913818
chr8	25188285	G	C	rs11994875
chr8	25202018	A	T	rs56763376
chr8	28072900	G	A,C,T	rs1947384
chr8	50007149	A	G	rs318921
chr8	50761221	A	G	rs6993206
chr8	50761322	T	A,G	rs6997493
chr8	50762889	T	G	rs1355067
chr8	50763024	G	A,T	rs1355066
chr8	52299798	C	T	rs73679037
chr8	52300726	G	A,C,T	rs4625054
chr8	52330809	C	A,T	rs16917705
chr8	52333528	A	G	rs16917709
chr8	52333646	T	C	rs16917710
chr8	66113119	G	C,T	rs7846184
chr8	66119407	T	C	rs16932527
chr8	66152419	A	G	rs7843605
chr8	66154006	T	C	rs77337238
chr8	66154545	C	G	rs9694082
chr8	66157538	G	A	rs7842707
chr8	66157662	T	C	rs7826464
chr8	66157743	C	T	rs7842761
chr8	66195704	T	A,G	rs10091625
chr8	66196661	G	A	rs16932632
chr8	66196990	T	C	rs1044938
chr8	66197062	A	G	rs1044942
chr8	66784352	T	G	rs61349439
chr8	66786401	A	G	rs11997510
chr8	66787469	C	A,G,T	rs7001886
chr8	66820952	C	T	rs76300807
chr8	66821109	C	G,T	rs75594108
chr8	66825372	A	C,G	rs113515513
chr8	66829041	T	C	rs58411534
chr8	66983994	C	A	rs28514951
chr8	68113630	C	A	rs7016804
chr8	68396225	C	T	rs16934573
chr8	68412999	T	C	rs73260764
chr8	68435594	C	G	rs7005081
chr8	80029762	T	A,C	rs10957952
chr8	81081544	C	G,T	rs4739612
chr8	81694113	A	G	rs7012758
chr8	81699580	C	T	rs56261047
chr8	81699686	A	G	rs56101487
chr8	81707539	C	A,T	rs6992302
chr8	81720078	G	A,T	rs57294500
chr8	81721843	T	C	rs57705295
chr8	81730775	G	A	rs73694755
chr8	81733925	G	A,C	rs73694763
chr8	81738243	A	C,G	rs73694773
chr8	81738288	A	G,T	rs73694774
chr8	86062087	T	C	rs56853460
chr8	86063543	T	C	rs56917565
chr8	86063787	C	T	rs59971651
chr8	86064985	G	A,T	rs7819780
chr8	86065354	C	A,G,T	rs16879655
chr8	95248356	T	C	rs73695435
chr8	95258306	T	C,G	rs7820747
chr8	104382195	G	A,C,T	rs16871364
chr8	104382238	C	G,T	rs16871365
chr8	104382594	A	G,T	rs1325
chr8	104382611	G	A,C	rs1327
chr8	104990790	G	A	rs16872131
chr8	105395164	G	A,T	rs2170292
chr8	105408071	A	G	rs17211990
chr8	105408229	G	A,T	rs59346947
chr8	105415048	C	G,T	rs1031947
chr8	105424829	G	A	rs34786758
chr8	105434419	C	A,T	rs7007192
chr8	105440414	T	G	rs6993025
chr8	105480390	A	C,T	rs7009208
chr8	119607489	C	A,G,T	rs11776051
chr8	119615674	T	A	rs75151570
chr8	119633161	T	C,G	rs11775668
chr8	119633395	A	G	rs11778951
chr8	119641602	A	C	rs7840386
chr8	119644909	T	C	rs7839329
chr8	129172930	A	G	rs75777619
chr8	129189720	T	C	rs6470703
chr8	129194015	G	C	rs4557668
chr8	129195496	A	G	rs77081733
chr8	129195504	G	A	rs80029873
chr8	129215443	C	T	rs73709056
chr8	129708400	G	C,T	rs6470763
chr8	129713419	C	G,T	rs6470764
chr8	129723084	C	A,G	rs7841981
chr8	129723214	C	A,G,T	rs60228607
chr8	142748941	C	T	rs4736323
chr8	142766884	C	A,G,T	rs1369452
chr8	142842636	G	A,C	rs3819497
chr8	142844193	C	G,T	rs7826809
chr8	142856691	T	C,G	rs28449411
chr8	142856847	C	G,T	rs57970308
chr8	142870433	C	A,G,T	rs4736346
chr8	142901415	T	A,C,G	rs4736318
chr9	378451	C	T	rs10758404
chr9	6744721	T	A,C	rs7036872
chr9	6744867	A	G,T	rs7033740
chr9	6757031	T	A,C,G	rs4742260
chr9	6757688	A	G	rs3847264
chr9	6771485	G	A,T	rs4008324
chr9	14299990	T	C	rs41405149
chr9	16480913	C	T	rs7869173
chr9	21965233	C	G	rs2188127
chr9	21975320	T	A	rs36228834
chr9	21983915	T	C	rs3731222
chr9	21984662	A	C,T	rs3731217
chr9	21987585	T	C	rs3731204
chr9	28259303	G	A	rs10117066
chr9	32468877	G	A	rs17289402
chr9	33137305	C	A,G,T	rs1411609
chr9	33141231	A	G	rs7868663
chr9	33146530	T	A,C	rs10217267
chr9	37370482	G	A	rs10511937
chr9	72542050	G	A	rs10869186
chr9	72621930	G	C,T	rs57934869
chr9	72663010	A	G	rs73650831
chr9	72663267	A	G,T	rs72733019
chr9	72664220	T	C	rs2197419
chr9	72716766	G	A	rs2871447
chr9	81597546	A	T	rs13289712
chr9	81598312	C	T	rs7045812
chr9	81600059	T	G	rs7039820
chr9	90851421	T	G	rs10821513
chr9	92552487	C	A,G,T	rs7027998
chr9	92593437	C	T	rs10820995
chr9	93247754	G	A	rs56170708
chr9	93298438	C	T	rs117355683
chr9	93302779	G	T	rs116933944
chr9	96115790	C	A,T	rs62559825
chr9	96118033	T	C	rs73654856
chr9	96124939	G	A	rs73654860
chr9	96125822	G	C,T	rs150312652
chr9	100411643	G	A,T	rs17813447
chr9	100419314	C	A	rs2026998
chr9	100426544	G	A	rs73655536
chr9	100426728	C	A,G,T	rs73655537
chr9	100437683	T	A,G	rs1016177
chr9	100437712	A	G	rs1016176
chr9	100438305	C	T	rs73655544
chr9	100438317	A	G	rs73655545
chr9	100444048	G	A	rs41274963
chr9	100445372	G	A	rs73655549
chr9	100460236	A	G	rs73655553
chr9	100473571	G	T	rs77849433
chr9	101549696	G	A	rs145228850
chr9	101570890	C	T	rs41282155
chr9	114485362	T	A,C	rs62555200
chr9	114497258	A	C	rs10817628
chr9	114499707	C	G,T	rs10817629
chr9	114504685	C	T	rs2297815
chr9	114504892	G	A	rs2297814
chr9	134890095	T	G	rs4545169
chr10	559585	A	G	rs2794954
chr10	573230	C	G	rs816628
chr10	588739	A	G	rs816613
chr10	600279	C	A,G,T	rs816621
chr10	7756807	T	C	rs11255340
chr10	7768576	C	T	rs11814428
chr10	7772227	C	A,T	rs12257360
chr10	7772366	A	G	rs12264990
chr10	8059964	T	C	rs3781093
chr10	8062245	C	A,G,T	rs3824662
chr10	12044215	C	G,T	rs72777762
chr10	12448819	A	G	rs12763487
chr10	12534523	C	T	rs2004304
chr10	12536174	C	A,G,T	rs7068005
chr10	12540714	A	G	rs11257877
chr10	15229070	C	G,T	rs28378157
chr10	15231449	C	A	rs75654563
chr10	15231717	T	A	rs12245904
chr10	15231948	T	C	rs112678949
chr10	15231984	T	A,G	rs112602052
chr10	19872211	C	G,T	rs73601623
chr10	23192192	C	A,T	rs145216233
chr10	23295491	A	T	rs12358964
chr10	23315164	T	C	rs7079718
chr10	23317270	A	G	rs60845874
chr10	23325411	T	A	rs11013389
chr10	23340911	T	C	rs11013405
chr10	32508929	G	A	rs2370776
chr10	32554331	A	C,G	rs2947076
chr10	32714405	G	A,T	rs11009051
chr10	32746259	C	T	rs10827119
chr10	32755174	G	A,C	rs10827124
chr10	32798732	G	A	rs35310850
chr10	32856458	C	A,T	rs12777235
chr10	32893402	A	G	rs11009129
chr10	32903723	A	G,T	rs11009136
chr10	32909703	A	G	rs12220520
chr10	32919328	A	G	rs16933787
chr10	32919792	T	C	rs3780876
chr10	32930181	A	C,T	rs11009151
chr10	32930346	G	A,C	rs11009152
chr10	32938549	T	C	rs16933819
chr10	44935508	C	T	rs7084511
chr10	44935714	G	C,T	rs7083830
chr10	44939019	G	A	rs76260312
chr10	44940296	C	T	rs7074238
chr10	52772040	T	C	rs36014597
chr10	52772053	T	C	rs7084554
chr10	52772131	T	G	rs11003124
chr10	61959980	C	G,T	rs4948492
chr10	61963136	C	T	rs4245595
chr10	61963818	C	A,T	rs10821936
chr10	61964150	C	A,G,T	rs10821937
chr10	61964631	A	C,G,T	rs7896246
chr10	61966183	G	A,C	rs4245597
chr10	61992400	T	G	rs7089424
chr10	61993723	A	C,G,T	rs9415635
chr10	61994265	T	A,G	rs9414758
chr10	69359247	A	G,T	rs7094651
chr10	69369119	T	C,G	rs2305198
chr10	69428303	A	G	rs4617477
chr10	69461955	G	A	rs57666626
chr10	69481756	C	T	rs76619218
chr10	69492450	C	A	rs1430882
chr10	71449803	C	G,T	rs7923507
chr10	71462366	C	T	rs17707219
chr10	71713111	C	A,G,T	rs2394838
chr10	71713125	C	A,T	rs2166631
chr10	71726667	G	A	rs7918082
chr10	77790154	G	C	rs2579151
chr10	77790786	C	T	rs2812430
chr10	77795362	G	A	rs2241833
chr10	77801416	A	G	rs35296361
chr10	77801612	A	G,T	rs2579146
chr10	77801631	C	T	rs2579145
chr10	77824098	C	T	rs1248630
chr10	77826566	C	T	rs7918982
chr10	77828776	C	G	rs2801822
chr10	77834756	C	A,T	rs12356375
chr10	77835038	A	T	rs11002308
chr10	77835173	C	T	rs11002309
chr10	77835715	G	A,C	rs1781797
chr10	77836272	T	G	rs11002310
chr10	77845200	T	A,C	rs1248673
chr10	82172127	T	C,G	rs17099528
chr10	82997901	C	A,G,T	rs10787537
chr10	84252214	C	G,T	rs12267185
chr10	84255196	G	A	rs7072175
chr10	88697638	C	G	rs368577000
chr10	88733043	G	A	rs76678036
chr10	88735717	G	C,T	rs114023579
chr10	88741401	C	T	rs115718086
chr10	88744055	G	C	rs115375668
chr10	88754954	T	C	rs17112472
chr10	90871487	G	A	rs4282910
chr10	91804558	A	G	rs2066275
chr10	91813610	G	A,C	rs12221087
chr10	91837568	A	G,T	rs12413256
chr10	91867401	T	C,G	rs10881985
chr10	91868407	T	A,C	rs7082350
chr10	91879971	C	A,G,T	rs7919141
chr10	97843077	T	C	rs17108578
chr10	110633099	A	G,T	rs7092708
chr10	110633264	C	T	rs4295979
chr10	110635135	T	G	rs4918546
chr10	116216571	T	A,G	rs4384313
chr10	118669247	A	G	rs1247118
chr10	118669290	G	A	rs1247117
chr10	118689058	A	G,T	rs3824821
chr10	118693656	T	C	rs10510046
chr10	118699123	A	C,G,T	rs11819341
chr10	118713085	T	C	rs11198573
chr10	118726512	A	G	rs9787632
chr10	118738067	A	G,T	rs1543578
chr10	118746084	A	G	rs111434562
chr10	121172427	C	T	rs754228
chr10	124604740	A	C,G,T	rs35837782
chr10	124604790	C	A,T	rs12765129
chr10	124605715	C	G,T	rs12771808
chr10	124605911	C	G,T	rs12777136
chr10	124606986	C	A,T	rs7923479
chr10	125739193	A	C	rs74162854
chr10	126041165	T	C,G	rs10794057
chr10	127988103	G	T	rs58722244
chr10	127997982	T	C	rs7922288
chr10	129455532	T	A,C,G	rs1771449
chr10	129494881	G	A,C,T	rs871026
chr10	129511715	A	C,G,T	rs7087541
chr10	129512416	C	T	rs10764886
chr10	129553851	T	C	rs1078847
chr10	129561324	C	A,G,T	rs1970197
chr10	129568910	T	A,G	rs509017
chr10	129569288	C	G,T	rs487120
chr10	129584561	G	A,C,T	rs471390
chr10	129601824	G	A	rs568166
chr10	129614294	C	A,G	rs475250
chr10	129619163	G	A,T	rs548390
chr10	129626732	A	C,G,T	rs508303
chr10	129628693	T	C,G	rs558764
chr10	129642320	C	A,T	rs7475154
chr10	133556028	T	A,C	rs3747881
chr11	1706940	A	G	rs56020647
chr11	4984178	C	T	rs11821225
chr11	10132515	G	A,C	rs61878637
chr11	17708711	C	T	rs7131311
chr11	25004253	T	C,G	rs1838777
chr11	26709070	T	C	rs56061726
chr11	29934304	G	A	rs111367656
chr11	32442557	A	G	rs72905043
chr11	41057303	G	A,T	rs11036207
chr11	44781342	G	A	rs76446378
chr11	44784673	C	A,T	rs79020056
chr11	48004538	C	T	rs75111544
chr11	56389144	G	A	rs871301
chr11	56393817	T	A,C	rs12285921
chr11	56394047	C	T	rs12277883
chr11	56396393	A	G	rs4939037
chr11	56402013	G	C,T	rs1945225
chr11	56402053	C	G,T	rs1945226
chr11	56402087	G	A,T	rs1945227
chr11	56402294	T	C	rs1945228
chr11	56402349	A	T	rs6591310
chr11	56409061	A	G	rs7123065
chr11	56409090	C	T	rs6591320
chr11	58728858	G	A	rs2509907
chr11	58740614	C	A,T	rs2497378
chr11	62164044	A	C,T	rs1675085
chr11	62164193	A	C,G,T	rs1792915
chr11	71910984	C	T	rs113218162
chr11	71944243	G	T	rs111610022
chr11	71944459	G	A	rs76766472
chr11	71948463	T	C	rs111421452
chr11	71996056	C	T	rs79664808
chr11	74770586	T	C	rs4944950
chr11	74847534	A	C,G	rs919877
chr11	74907656	C	G	rs12221841
chr11	74907820	G	C,T	rs61671395
chr11	74948744	G	C,T	rs2165162
chr11	74948888	G	A,T	rs2119028
chr11	74949098	G	A,C,T	rs2165163
chr11	83999573	C	A,G,T	rs1601092
chr11	86237570	C	A,G,T	rs11234587
chr11	86251311	G	C	rs10898455
chr11	86292003	A	G	rs19039
chr11	86293473	C	A	rs291228
chr11	86484228	A	G	rs7943741
chr11	86515916	G	C,T	rs2125358
chr11	86566006	A	G	rs4944592
chr11	86895059	A	G	rs17149495
chr11	94543817	C	G,T	rs11574856
chr11	99739609	G	C	rs1969211
chr11	99743170	A	C	rs10501923
chr11	104014413	T	A,C	rs67790686
chr11	104021624	C	A,G,T	rs11226115
chr11	117862508	C	T	rs12277914
chr11	121487721	C	T	rs662821
chr11	121494254	A	G	rs687228
chr11	121495151	A	G,T	rs656338
chr11	124177662	C	T	rs73617856
chr11	124339964	T	C	rs73608740
chr11	124402124	A	C,T	rs73612871
chr11	124950600	A	G	rs7121708
chr11	125703888	T	A,C	rs11826013
chr11	125924745	G	A,C	rs56723270
chr11	131616703	C	A	rs7110900
chr11	133464627	C	A,T	rs6590705
chr11	133465011	G	A	rs6590706
chr11	133529962	C	T	rs4402307
chr11	133530085	T	C,G	rs4460831
chr11	133530220	T	G	rs4539336
chr12	10691473	T	C	rs7963875
chr12	10695264	C	A	rs11053906
chr12	10697478	A	G,T	rs1108542
chr12	10697984	C	T	rs2083958
chr12	10702026	G	A,T	rs10845205
chr12	10702164	G	A	rs73044645
chr12	13181928	G	T	rs11834242
chr12	13181944	C	G	rs11829829
chr12	13362736	A	C,G,T	rs17820074
chr12	21073873	G	A	rs73241781
chr12	21112539	A	G	rs79714579
chr12	23609153	G	A	rs11047002
chr12	25135917	C	A,T	rs77866242
chr12	26196850	T	A	rs7969850
chr12	27819969	C	T	rs11049167
chr12	31808659	T	C	rs7979019
chr12	41354003	T	C	rs17129267
chr12	41368056	C	T	rs17129305
chr12	41453026	T	C	rs60903037
chr12	42569322	C	A,T	rs11181563
chr12	42589960	G	A,C	rs11837158
chr12	43887096	T	A,G	rs1731429
chr12	43915107	T	A,C,G	rs4768052
chr12	44773469	C	A	rs138548072
chr12	44788295	C	A,G	rs12315309
chr12	47032840	A	G	rs12297954
chr12	49094767	A	C,G	rs59178045
chr12	49104415	C	A,T	rs12314634
chr12	49130828	G	C	rs12317382
chr12	49131205	G	A	rs12318907
chr12	49161631	G	A,C	rs11168898
chr12	64630764	G	A	rs11837759
chr12	64681552	T	C,G	rs1244869
chr12	68776274	C	T	rs111945534
chr12	68801972	G	A	rs11177378
chr12	68817880	C	A	rs3730533
chr12	68821745	A	T	rs1206251
chr12	68834708	G	T	rs1690922
chr12	69511960	G	A	rs73140582
chr12	69540808	G	A	rs11177710
chr12	69545394	C	T	rs12828578
chr12	69585173	T	A,C	rs11177730
chr12	69585297	C	T	rs11177731
chr12	69594156	T	A,C,G	rs11177738
chr12	69594311	A	G	rs35956654
chr12	69601259	C	A,T	rs11177742
chr12	69608708	A	G,T	rs11177751
chr12	71602249	G	A,C	rs77846769
chr12	71603706	A	C,G,T	rs17109941
chr12	71621470	G	C	rs143212944
chr12	71639890	C	T	rs11837517
chr12	71655617	T	C	rs17110106
chr12	76747521	T	C	rs11115263
chr12	76754642	T	G	rs139263224
chr12	76754666	C	A,G,T	rs144099284
chr12	76771829	C	T	rs11115312
chr12	76772043	A	G	rs117917392
chr12	76772085	G	A	rs117426622
chr12	76772378	A	G	rs12366763
chr12	76783318	G	C	rs11115356
chr12	76785107	T	A	rs11115366
chr12	76785267	G	A	rs11115370
chr12	76785390	G	A	rs11115371
chr12	76785403	G	A,C	rs11115372
chr12	76785586	A	G	rs117862862
chr12	76786539	A	G,T	rs11115377
chr12	76786753	T	C	rs11115380
chr12	76786754	G	A	rs11115381
chr12	76787028	A	G	rs146696804
chr12	76787701	G	A,T	rs11115385
chr12	76788984	A	G	rs141785031
chr12	76789785	G	A	rs116998410
chr12	76790647	G	A	rs11115426
chr12	76792909	C	G,T	rs11115439
chr12	76793230	C	T	rs11115440
chr12	76795152	A	T	rs11115454
chr12	76803681	A	G	rs143442480
chr12	76803844	C	A,T	rs11115487
chr12	76811912	A	G	rs12368568
chr12	76812331	T	C	rs11115518
chr12	76812336	C	G	rs11115519
chr12	76812428	C	A,G	rs11115520
chr12	76836850	G	A	rs11115654
chr12	76859096	C	T	rs12368937
chr12	76859191	C	T	rs12368947
chr12	76859733	T	C	rs117761491
chr12	76866276	G	C	rs117324885
chr12	76866833	A	G	rs188153509
chr12	76866935	A	G	rs144956312
chr12	76867377	G	A,T	rs11115911
chr12	81268043	C	A,T	rs56241008
chr12	83098298	T	A,C	rs75301964
chr12	89515764	C	A,G,T	rs10161364
chr12	92004523	C	A,G	rs11106392
chr12	92004571	C	T	rs11106393
chr12	96198310	C	A	rs7955113
chr12	96203803	T	C	rs2268513
chr12	96208965	G	C,T	rs2268508
chr12	103393076	T	A,C	rs35982214
chr12	103393087	G	A,C	rs12815173
chr12	103395491	A	G,T	rs7957668
chr12	103400030	G	A,C	rs2374064
chr12	104154450	G	A	rs17035243
chr12	119091140	A	C,G	rs73211886
chr12	119091316	T	G	rs73211887
chr12	119107038	A	C,G	rs142092583
chr12	119115299	C	T	rs73213758
chr12	120165281	T	C	rs59601514
chr12	120175625	C	A,G,T	rs2286051
chr12	131746312	C	A,G	rs10794424
chr12	131776139	C	A,G,T	rs897658
chr12	131795482	A	G	rs4964999
chr12	131795964	C	A,G,T	rs12831938
chr13	24667608	A	G	rs3803222
chr13	25490654	T	A,C	rs4769426
chr13	27434894	G	A,C	rs7323
chr13	29463894	C	G	rs73446133
chr13	29463908	C	T	rs73446135
chr13	29463976	A	G	rs73446137
chr13	29464188	G	A	rs7985850
chr13	29465136	A	G	rs17073453
chr13	29465318	G	A	rs73446144
chr13	29465492	A	C	rs17073454
chr13	29470313	A	T	rs73446165
chr13	43045515	G	A	rs9533357
chr13	43045609	C	T	rs9533358
chr13	43071201	C	A,T	rs9525732
chr13	72766401	G	A,C	rs9573029
chr13	72840129	C	A,G	rs9318121
chr13	72851889	C	A,T	rs2182123
chr13	72920450	A	C,G	rs9573064
chr13	72953257	T	A,G	rs1591145
chr13	92075033	T	A	rs2182499
chr13	92158767	C	T	rs77181760
chr13	92158801	C	G	rs17299487
chr13	92164331	A	G	rs78719977
chr13	92164404	G	A	rs115358611
chr13	92164722	T	A	rs9556155
chr13	92164752	C	T	rs9560954
chr13	92165111	C	G,T	rs9560956
chr13	96785690	A	G	rs11069244
chr13	98240001	T	C	rs944095
chr13	99177057	G	A	rs12864099
chr13	99188621	G	A,T	rs9554568
chr13	99255087	G	A	rs3742130
chr13	99266212	C	A,T	rs11620194
chr13	99282927	C	A,G,T	rs9585032
chr13	99300036	A	G	rs9557194
chr13	99304368	T	C	rs9557195
chr13	99322738	G	T	rs12232061
chr13	99375703	A	G	rs8181880
chr13	99383018	C	G	rs9557205
chr13	99384164	A	G	rs9557207
chr13	99384701	C	T	rs35694871
chr13	102725305	G	A	rs112770963
chr13	108204435	C	A,T	rs1555902
chr13	108206910	C	T	rs3093774
chr13	110397974	T	C	rs7983374
chr13	110403272	A	C	rs12853693
chr13	110525255	C	T	rs2479427
chr13	112374599	G	C,T	rs9324293
chr13	112397136	G	A,C	rs17121053
chr13	112399869	A	T	rs10161904
chr14	20444900	G	A,C	rs11848066
chr14	21498989	C	A,G	rs1061027
chr14	23120140	A	C,G	rs2239630
chr14	24326289	G	A	rs17256902
chr14	32573002	C	T	rs1956210
chr14	34007261	G	A	rs2000014
chr14	34160434	G	A	rs797319
chr14	34160702	T	A,C	rs797318
chr14	34404549	G	A	rs34322406
chr14	37877451	T	A,C	rs11846843
chr14	37901948	A	G	rs11844598
chr14	50944654	C	G,T	rs115689770
chr14	50945088	T	A	rs7159221
chr14	60111847	A	G	rs76918453
chr14	63740552	C	T	rs11845471
chr14	64983912	G	C,T	rs7160073
chr14	74460089	T	C	rs17100386
chr14	74984410	C	A,T	rs112579123
chr14	77293979	A	C,G	rs72681229
chr14	77296129	T	C	rs2302831
chr14	77315133	C	T	rs72681243
chr14	78271669	C	G	rs61667538
chr14	81269371	G	A,T	rs17111638
chr14	93953319	G	A,T	rs68087715
chr14	94175530	G	T	rs1956455
chr14	94213439	G	A,T	rs6575399
chr14	94646533	C	T	rs34752856
chr14	103909643	C	T	rs115513250
chr14	103957339	C	A	rs79208987
chr14	103973352	T	A	rs74913926
chr14	103980367	C	T	rs60532123
chr14	104033393	A	G	rs79095262
chr14	104033567	C	G	rs78259611
chr14	104033894	G	A,T	rs76702877
chr14	104049750	A	G	rs45471291
chr14	104069915	C	G	rs80121507
chr15	29451454	A	C,G	rs599631
chr15	29452329	G	A	rs676511
chr15	29452432	G	A,T	rs484006
chr15	44276928	G	A,T	rs114822682
chr15	44277137	T	C	rs146530548
chr15	44308522	C	T	rs8025863
chr15	44530030	G	A	rs75331527
chr15	45394236	T	C	rs60639238
chr15	45943266	T	C	rs2463380
chr15	45943292	C	A,T	rs2463381
chr15	45943473	A	G	rs2463382
chr15	45943633	G	A,C,T	rs2507359
chr15	51573137	C	A	rs8035135
chr15	51576859	T	A,C	rs4775952
chr15	51616868	T	A,C,G	rs9920145
chr15	55280583	G	C,T	rs12595377
chr15	55325499	C	A	rs11635126
chr15	58384300	C	T	rs261288
chr15	63893331	C	T	rs41380646
chr15	73856615	G	A	rs58443873
chr15	74409071	G	T	rs28362929
chr15	74460406	C	A	rs56253831
chr15	74534488	C	T	rs55876959
chr15	74818811	G	A	rs74025850
chr15	74821814	T	C	rs61671857
chr15	78618839	T	A,C	rs8040868
chr15	81332687	C	T	rs8031046
chr15	81332995	G	A	rs77430896
chr16	2262011	G	A	rs155249
chr16	4474373	C	T	rs56235717
chr16	4474391	C	T	rs55810554
chr16	4474684	G	C,T	rs17137056
chr16	4476103	C	G,T	rs17879291
chr16	4476309	G	A,C	rs1362625
chr16	4476922	T	A,G	rs13330134
chr16	4486554	C	T	rs8063084
chr16	4488007	T	C	rs13338199
chr16	8753260	C	A,G,T	rs9926200
chr16	8753286	G	A	rs12448478
chr16	8753431	C	T	rs1641014
chr16	8753645	A	C,G,T	rs1641015
chr16	8753815	G	A,C	rs10852271
chr16	8753897	T	A,C,G	rs1641016
chr16	10949556	C	G,T	rs7205474
chr16	10954066	G	A	rs6498139
chr16	10954417	T	A	rs7185978
chr16	10966294	A	G	rs8059260
chr16	11945489	G	A,C	rs8059525
chr16	11964760	G	A	rs11570135
chr16	20904964	G	A,T	rs3815019
chr16	22798655	A	G	rs8056745
chr16	29024085	A	G	rs74014848
chr16	51636561	G	A,C	rs138852933
chr16	56383390	T	A,G	rs28472677
chr16	56423792	T	C	rs13331718
chr16	56477114	A	G,T	rs112162270
chr16	56477333	T	C,G	rs3228
chr16	70454925	C	T	rs61610761
chr16	70464015	G	A	rs74026048
chr16	70478240	G	A	rs8049316
chr16	70479053	C	A,G,T	rs17879102
chr16	70508913	T	C	rs8055338
chr16	70524588	A	C,G	rs376389091
chr16	78775227	G	A	rs17642004
chr17	7841519	C	G,T	rs73232402
chr17	11682483	C	T	rs115509380
chr17	11682759	G	A,T	rs79851578
chr17	11683089	A	G,T	rs112769656
chr17	11690140	C	T	rs61742881
chr17	19899931	C	T	rs427033
chr17	19903515	C	T	rs385301
chr17	19903516	C	T	rs403021
chr17	29858131	C	G	rs9905597
chr17	30116816	G	A	rs28573959
chr17	32755729	T	A,C	rs4548927
chr17	34132854	C	T	rs16969224
chr17	46711919	A	G,T	rs199436
chr17	46717868	A	C,G,T	rs142167
chr17	46722744	G	A	rs199454
chr17	46742756	G	A,T	rs199442
chr17	46743059	T	A,C	rs199536
chr17	46790728	C	G	rs11655598
chr17	58610120	C	T	rs302847
chr17	58610175	T	A	rs302846
chr17	58621466	G	A	rs302863
chr17	58659424	A	C	rs372648
chr17	58674239	G	A,T	rs302870
chr17	63139177	A	G	rs8076789
chr17	63639545	A	C	rs78129655
chr17	63639952	A	C	rs76113899
chr17	63661433	T	A	rs78074380
chr17	63697417	T	G	rs59369204
chr17	63701257	G	T	rs115366221
chr17	63812995	C	T	rs115844362
chr17	63820993	T	C	rs76727299
chr17	63848804	G	C,T	rs115977902
chr17	63855743	A	G	rs145976319
chr17	63866127	A	T	rs16947185
chr17	67151832	C	G,T	rs8068636
chr17	67165977	T	A	rs6504490
chr17	67170943	C	T	rs61282172
chr17	67171657	G	C	rs9903876
chr17	67224026	G	A	rs9899805
chr17	67235273	A	G	rs9908547
chr17	69099938	T	A,C,G	rs6502001
chr17	72941322	C	A,T	rs2452912
chr17	74599230	A	G	rs7207529
chr17	74599314	G	A	rs7225360
chr17	74599448	C	G,T	rs73353091
chr17	74599473	C	G,T	rs73353094
chr17	74604050	A	C	rs73359239
chr17	74605453	A	G	rs73359245
chr17	74612170	G	A	rs60354454
chr17	75837829	T	C	rs7216615
chr17	75845204	T	C	rs2410859
chr17	75875830	G	A,C	rs3744021
chr17	75876867	A	G	rs1055129
chr17	75890807	A	G	rs3760128
chr17	75896333	T	G	rs55872768
chr17	75904607	T	A,C	rs3744015
chr17	75926860	T	A,C	rs2305913
chr17	75955783	T	C	rs10852766
chr17	76523076	T	A	rs4315367
chr17	79992020	T	A,C	rs112986774
chr18	618201	C	A,T	rs16947455
chr18	4393611	A	G	rs7239584
chr18	4393845	T	G	rs7244077
chr18	13531255	G	A	rs11876765
chr18	36189000	G	A,C,T	rs8089727
chr18	36189101	A	G	rs200553805
chr18	36194588	G	A	rs13381081
chr18	36194781	C	G	rs67565204
chr18	36195063	T	G	rs16967519
chr18	36195408	G	A	rs2298601
chr18	36195416	C	T	rs2298602
chr18	38490384	C	G,T	rs16970434
chr18	38494944	A	G	rs16970443
chr18	42997348	G	A,C,T	rs28679645
chr18	43005456	G	A	rs4324214
chr18	43011138	A	T	rs9958002
chr18	44958759	G	A	rs17726928
chr18	52836924	C	A,T	rs77394401
chr18	55361623	T	C	rs77115755
chr18	55381654	T	A,C	rs17594301
chr18	58268730	A	G	rs17064589
chr18	58268755	T	G	rs17064591
chr18	69910226	G	A	rs77847166
chr18	69910782	T	C	rs75444213
chr18	69913107	T	C	rs17081806
chr18	69919714	T	C	rs17081823
chr18	69919820	G	A,T	rs17081824
chr18	69921216	T	C	rs17081826
chr18	69921465	T	C	rs17081830
chr18	69962238	A	C	rs111820369
chr18	69998306	G	T	rs113327785
chr18	70022720	T	A,C	rs74978315
chr18	70042229	A	G	rs74970365
chr18	70110109	T	C	rs113811004
chr18	70145226	A	C,G,T	rs9797364
chr18	70168041	A	C,G,T	rs9948295
chr18	70191013	T	A,C,G	rs283247
chr18	79074577	G	A,C	rs117002426
chr18	79125069	T	A	rs117765594
chr19	1314104	A	G	rs10421051
chr19	11123002	G	A,C	rs2738454
chr19	11124414	C	T	rs2738455
chr19	11126593	G	A	rs2738457
chr19	11131104	G	A,C,T	rs2116899
chr19	11131134	G	A	rs2116898
chr19	11131201	G	A,C	rs2116897
chr19	11131368	G	A,C	rs14158
chr19	11136395	A	G,T	rs7253431
chr19	11137500	G	A	rs58650994
chr19	11138798	G	C,T	rs11668605
chr19	12064543	C	A	rs79770870
chr19	12676560	T	C	rs80286183
chr19	12676771	T	C	rs74931365
chr19	12676794	C	T	rs76002483
chr19	12681448	A	G	rs10414020
chr19	12681856	C	G,T	rs75315897
chr19	12687713	A	T	rs28362163
chr19	12695358	A	G,T	rs59299234
chr19	12702785	A	G	rs10413431
chr19	12702869	T	C,G	rs16978630
chr19	12705976	T	C	rs10415321
chr19	12705980	A	C,G	rs10409749
chr19	12712225	C	T	rs28698395
chr19	21493735	G	A	rs2650794
chr19	21494088	C	T	rs10423403
chr19	21513712	A	C,G	rs2650830
chr19	21521785	A	G	rs1879235
chr19	38710634	C	G	rs77100563
chr19	38716594	G	A	rs67438539
chr19	38735218	T	C	rs45468197
chr19	38920346	C	A,G,T	rs12460327
chr19	38940262	A	G	rs10407879
chr19	38941496	G	A	rs1134180
chr19	48186136	T	G	rs972800
chr19	49475892	C	G	rs114215929
chr19	49975595	C	T	rs79125155
chr19	49987095	C	A,G,T	rs34927402
chr19	49987233	C	A,T	rs11879639
chr19	49987265	C	T	rs11879659
chr19	49987282	C	T	rs11879661
chr19	49987313	A	C,G	rs11879641
chr19	49987323	T	C	rs11882531
chr19	49987511	C	A,G,T	rs11879713
chr19	49987782	A	G	rs150922686
chr19	49987790	A	C	rs181644066
chr19	49987796	A	C,G	rs187102874
chr19	49988773	C	T	rs7254850
chr19	49989494	C	T	rs10418911
chr19	49989556	C	T	rs10424249
chr19	49995071	T	C	rs9304696
chr19	49995131	G	A	rs9304697
chr19	49997659	A	G	rs10404987
chr19	49997713	G	A	rs10405594
chr19	49997797	T	A,C,G	rs10407013
chr19	49997840	T	C	rs10407036
chr19	49997928	C	T	rs10405696
chr19	49997983	C	A,T	rs59151138
chr19	49998025	G	A	rs56969688
chr19	50003615	C	T	rs73935135
chr19	50003856	T	C	rs73935136
chr19	50003939	G	A	rs10411332
chr19	50004024	G	A	rs10411542
chr19	50004079	A	G	rs10411204
chr19	50004104	T	G	rs10412963
chr19	50004238	G	C	rs10411985
chr19	50004247	T	A,G	rs56154904
chr19	50004278	C	T	rs56229440
chr19	50004327	T	C	rs28594879
chr19	50004421	T	C,G	rs28416420
chr19	50007803	G	T	rs11547882
chr19	50012547	T	G	rs10407701
chr19	50012623	G	A	rs10411894
chr19	50012889	C	T	rs28528240
chr19	50018219	C	T	rs73935147
chr19	50022994	A	C,G	rs115779557
chr19	50022995	A	C	rs114425365
chr19	50023021	T	C	rs60536986
chr19	50023087	C	A,T	rs56821693
chr19	50023088	T	C	rs59698565
chr19	50025337	C	G,T	rs10410420
chr19	50025439	T	C	rs10412158
chr19	50025530	T	G	rs73935150
chr19	50026099	G	A	rs58602067
chr19	50046870	A	G,T	rs11881187
chr19	50049637	A	T	rs9973262
chr19	50050315	T	C	rs10416688
chr19	50050552	C	T	rs10415604
chr19	50050718	G	C	rs10421463
chr19	50050944	C	T	rs11880182
chr19	50050981	G	A	rs10422147
chr19	50085762	A	G	rs188748297
chr19	50085970	C	A,G,T	rs184927043
chr19	50526345	T	C	rs1862479
chr19	55159283	C	T	rs114601492
chr19	55166518	C	A,T	rs114393069
chr19	55173302	T	C,G	rs146736357
chr19	58279418	G	A	rs260502
chr20	1945813	A	C,G	rs6035114
chr20	1947129	G	A,T	rs6045583
chr20	4811770	A	C	rs2423032
chr20	4811913	G	C,T	rs2423033
chr20	4812865	C	G,T	rs2423034
chr20	16315799	A	C,G,T	rs6080222
chr20	19327731	A	C,G,T	rs11905860
chr20	19428791	T	G	rs16980534
chr20	19428863	C	T	rs8118557
chr20	19628653	T	A,C,G	rs3790276
chr20	23491822	C	T	rs35190670
chr20	23606304	G	A	rs13043610
chr20	23607490	C	G,T	rs13043266
chr20	23616064	T	A,G	rs6036469
chr20	23621241	C	T	rs12624424
chr20	31461340	A	G	rs6120348
chr20	31474653	C	A,G,T	rs3761199
chr20	35368807	C	G,T	rs73903058
chr20	43023883	C	A,G,T	rs206157
chr20	44911680	G	A	rs6031867
chr20	44933013	C	T	rs12798
chr20	44933019	A	G	rs12031
chr20	48703495	G	A,T	rs7268357
chr20	48703856	G	A	rs6019382
chr20	48706785	C	A,T	rs6012515
chr20	48713039	A	G	rs4810866
chr20	48716097	G	T	rs6019391
chr20	50872515	T	G	rs6020813
chr20	50872643	G	A,C,T	rs6020814
chr20	50872983	G	A	rs6096137
chr20	59235618	A	G,T	rs259971
chr21	15735737	T	C	rs78289142
chr21	15744540	C	T	rs76859804
chr21	15747641	G	A	rs77286823
chr21	15749023	T	A	rs4580465
chr21	15749161	C	T	rs57733106
chr21	15749176	C	T	rs17241423
chr21	15749320	A	G	rs10482876
chr21	15754842	C	T	rs78128881
chr21	15760281	C	G	rs75507156
chr21	15764157	T	A	rs75316565
chr21	15769933	C	T	rs77644136
chr21	15782054	G	C	rs76382908
chr21	15784892	A	G	rs77585530
chr21	15788952	C	T	rs77307105
chr21	15794352	C	T	rs2205585
chr21	15796060	C	T	rs3787577
chr21	15797901	C	T	rs11910884
chr21	15797986	A	T	rs9981766
chr21	15815002	T	C	rs73346766
chr21	15819764	G	C	rs77071942
chr21	15826600	C	G	rs78988517
chr21	15826970	G	A	rs2026853
chr21	15841537	C	T	rs9983858
chr21	15841713	G	A,T	rs9983385
chr21	15854687	C	T	rs17307204
chr21	15855831	G	A,T	rs8133079
chr21	15856743	G	A,T	rs7283467
chr21	15856901	A	G	rs17241460
chr21	15858361	G	A,T	rs2823511
chr21	15868190	A	G	rs17241481
chr21	15871974	G	T	rs76609497
chr21	15888959	T	C,G	rs76945717
chr21	15895889	C	G	rs28469763
chr21	15906095	G	A	rs9977131
chr21	30223632	A	G	rs78852983
chr21	30255921	A	G,T	rs74980355
chr21	30256102	C	T	rs79267330
chr21	30256185	G	A	rs79508493
chr21	30282491	C	A,G,T	rs77638540
chr21	30568425	A	G	rs7281289
chr21	30569477	C	A	rs114883524
chr21	36174180	A	C	rs2835296
chr21	40185324	G	A	rs73364116
chr21	40185447	C	T	rs73364122
chr21	40185458	G	A	rs73904724
chr21	40185812	C	T	rs61353450
chr21	43771124	A	G	rs743466
chr21	44629803	T	C	rs743497
chr21	44657646	G	A	rs12626853
chr21	44666460	A	C,G,T	rs2838622
chr21	44666984	G	A,C	rs2329844
chr22	20080563	G	C,T	rs61174903
chr22	20080973	C	G,T	rs75967927
chr22	20080980	G	T	rs76584826
chr22	20092165	T	C	rs112629076
chr22	20101748	A	G	rs113307754
chr22	20125730	T	G	rs175162
chr22	20126254	T	A,C	rs175163
chr22	20132189	A	G	rs9606258
chr22	20146827	C	A,T	rs1974653
chr22	20147002	C	T	rs11705346
chr22	20147216	C	A,T	rs9605070
chr22	20147860	C	T	rs7286804
chr22	20440839	T	G	rs62219031
chr22	20979316	G	A,C	rs61356271
chr22	23969285	G	A	rs9624364
chr22	23969703	A	G	rs12166922
chr22	23970400	G	A	rs9620341
chr22	23971765	A	G	rs79213832
chr22	24895020	C	T	rs16979204
chr22	36374873	C	A,T	rs2294356
chr22	36379706	A	G	rs4277619
chr22	36380456	G	A,C	rs5995289
chr22	38104375	C	A	rs4821737
chr22	38104820	G	A	rs5995536
chr22	38570405	A	G,T	rs189476867
chr22	38751230	A	C,G	rs35496634
chr22	43852747	G	C	rs138093
chr22	43862627	T	A,C	rs71328672
chr22	45775625	G	A	rs11703006
chr22	45832320	C	G,T	rs11703479
chr22	50570023	G	A	rs2269387
chrX	9895386	G	T	rs61738461
chrX	80066333	C	A	rs4826011
chrX	80077781	T	A,C	rs4826166
