chr4	88610107	rs7689489
chr4	88615227	rs3775417
chr4	88619865	rs17014307
chr4	88622039	rs72882940
chr4	88623112	rs9996732
chr4	88624350	rs72882950
chr4	88629611	rs10013481
chr4	88640826	rs7441730
chr4	88646616	rs3017925
chr4	88650109	rs2860420
chr4	88653511	rs3017922
chr4	88658032	rs2915427
chr4	88660503	rs78232283
chr4	88663273	rs2972021
chr4	88665092	rs3852086
chr4	88677368	rs2924353
chr4	88681934	rs2972038
chr4	88682147	rs3017913
chr4	88682150	rs4260503
chr4	88684120	rs2924363
chr4	88691229	rs1020592
chr4	88691517	rs2860468
chr4	88697686	rs710834
chr4	88698125	rs2972011
chr4	88701570	rs2924925
chr4	88707915	rs2602117
chr4	88711759	rs2924348
chr4	88716931	rs3017902
chr4	88716976	rs3017901
chr4	88718315	rs3017900
chr4	88719416	rs2924935
chr4	88723046	rs2924941
chr4	88725918	rs2904163
chr4	88725919	rs2860500
chr4	88726273	rs1059122
chr4	88727694	rs13130
chr4	88728508	rs9224
chr4	88729286	rs78517451
chr4	88731952	rs112818517
chr4	88733014	rs3017914
chr4	88734040	rs2972028
chr4	88734481	rs2860528
chr4	88736744	rs2924937
chr4	88740820	rs73841670
chr4	88745914	rs72870517
chr4	88746440	rs17014483
chr4	88748777	rs3822077
chr4	88749004	rs3756050
chr4	88750570	rs61737091
chr4	88751331	rs7683339
chr4	88761547	rs13435721
chr4	88761578	rs76806573
chr4	88768635	rs1947379
chr4	88770892	rs76884708
chr4	88777032	rs80239864
chr4	88780566	rs12645124
chr4	88785771	rs6847567
chr4	88787090	rs3796658
chr4	88787699	rs11725153
chr4	88788757	rs3822076
chr4	88791970	rs9991328
chr4	88796147	rs77140172
chr4	88797162	rs112542013
chr4	88798217	rs1377290
chr4	88800181	rs2869948
chr4	88801914	rs6824451
chr4	88803233	rs57956471
chr4	88803487	rs17747153
chr4	88803905	rs10012624
chr4	88804354	rs75581102
chr4	88805132	rs2276936
chr4	88806828	rs10516821
chr4	88808923	rs2167750
chr4	88809586	rs76273989
chr4	88812731	rs6814344
chr4	88813677	rs1817279
chr4	88814669	rs6532081
chr4	88814714	rs6532082
chr4	88815414	rs17014616
chr4	88816407	rs7695177
chr4	88818473	rs3822073
chr4	88819743	rs1903002
chr4	88820118	rs3822072
chr4	88822670	rs3775373
chr4	88823674	rs3806788
chr4	88825069	rs35019968
chr4	88825698	rs73842249
chr4	88826243	rs71609539
chr4	88828954	rs13115763
chr4	88829210	rs10021465
chr4	88832074	rs4425336
chr4	88834691	rs1379934
chr4	88835931	rs59473955
chr4	88836154	rs12643428
chr4	88839000	rs74610824
chr4	88842525	rs10001319
chr4	88843046	rs10024506
chr4	88843858	rs1563688
chr4	88844510	rs7682431
chr4	88844721	rs9991039
chr4	88848691	rs56158219
chr4	88850647	rs62308743
chr4	88855095	rs11735482
chr4	88856228	rs11737515
chr4	88858547	rs2100679
chr4	88858758	rs2085600
chr4	88860013	rs11729108
chr4	88860015	rs11724744
chr4	88860126	rs10022272
chr4	88861410	rs62308744
chr4	88862122	rs76704358
chr4	88865131	rs28459962
chr4	88868327	rs1979290
chr4	88868648	rs17815876
chr4	88870003	rs12649368
chr4	88871422	rs2904255
chr4	88876516	rs4693973
chr4	88885633	rs7687539
chr4	88889805	rs58281712
chr4	88892133	rs6815970
chr4	88894253	rs2704581
chr4	88896513	rs2464528
chr4	88897370	rs2704582
chr4	88898156	rs7668636
chr4	88898173	rs7690839
chr4	88898272	rs1246629
chr4	88899136	rs1246631
chr4	88899639	rs28529050
chr4	88900344	rs115743183
chr4	88900733	rs4693975
chr4	88904464	rs4505789
chr4	88906929	rs2609264
chr4	88907393	rs79524934
chr4	88910124	rs2446301
chr4	88910576	rs2446300
chr4	88911381	rs10019681
chr4	88911640	rs7695732
chr4	88911931	rs72665823
chr4	88914334	rs2609261
chr4	88915668	rs2609260
chr4	88915996	rs1563689
chr4	88916657	rs2609259
chr4	88918443	rs2609258
chr4	88926504	rs6835019
chr4	88927432	rs2704589
chr4	88929112	rs2609282
chr4	88929391	rs2125409
chr4	88929868	rs2464520
chr4	88930357	rs2704604
chr4	88932447	rs1458562
chr4	88933016	rs4693978
chr4	88933810	rs2609280
chr4	88933987	rs72665835
chr4	88939668	rs7660385
chr4	88939696	rs2464523
chr4	88948245	rs2869968
chr4	88949431	rs2045516
chr4	88951025	rs7674369
chr4	88951941	rs6837671
chr4	88954758	rs1964516
chr4	88956216	rs6532091
chr4	88958337	rs34749134
chr4	88962667	rs7671261
chr4	88962828	rs7671167
chr4	88963935	rs2013701
chr4	88964563	rs2904259
chr4	88965207	rs1903004
chr4	88966394	rs1458557
chr4	88969633	rs1921679
chr4	88969991	rs2178583
chr4	88970047	rs2178584
chr4	88970446	rs1458560
chr4	88970921	rs1903007
chr4	88971647	rs10031518
chr4	88973295	rs2704577
chr4	88973451	rs2704576
chr4	88974793	rs2085601
chr4	88975242	rs2704574
chr4	88975741	rs9307053
chr4	88977035	rs28540701
chr4	88977530	rs11737260
chr4	88979301	rs10470936
chr4	88979578	rs9307058
chr4	88979964	rs10006121
chr4	88980264	rs10030965
chr4	88983005	rs7686954
chr4	88985447	rs78681184
chr4	88985496	rs72665855
chr4	88985599	rs11722033
chr4	88986593	rs13140481
chr4	88987473	rs7697900
chr4	88987510	rs7697921
chr4	88987576	rs11737016
chr4	88991313	rs6834787
chr4	88991554	rs11097207
chr4	88991555	rs12645240
chr4	88994208	rs6844655
chr4	88995073	rs35232147
chr4	88996115	rs6827857
chr4	88996412	rs4693981
chr4	88997161	rs7659904
chr4	88997395	rs7660314
chr4	88997478	rs9307061
chr4	88997817	rs10516826
chr4	88998262	rs2869972
chr4	88999923	rs2904261
chr4	89000748	rs7680864
chr4	89000830	rs7656238
chr4	89000992	rs1921684
chr4	89001286	rs1961979
chr4	89004169	rs2178586
chr4	89004818	rs6852373
chr4	89005042	rs6852928
chr4	89006461	rs13129885
chr4	89006551	rs59188553
chr4	89007338	rs6849143
chr4	89008103	rs1795720
chr4	89008459	rs1708667
chr4	89009162	rs1795739
chr4	89009241	rs1398942
chr4	89009283	rs1795738
chr4	89012479	rs1795734
chr4	89013399	rs1849597
chr4	89013788	rs60751124
chr4	89014235	rs12509305
chr4	89015925	rs2869974
chr4	89016033	rs1398940
chr4	89017211	rs12508524
chr4	89019338	rs1921680
chr4	89019841	rs6822256
chr4	89023121	rs9992522
chr4	89026103	rs1708670
chr4	89027488	rs2464514
chr4	89030410	rs1708668
chr4	89034472	rs1588730
chr4	89039134	rs2704571
chr4	89052470	rs28379646
chr4	89052759	rs2670623
chr4	89053571	rs1795727
chr4	89053882	rs6826407
chr4	89055583	rs9996559
chr4	89064327	rs79048757
chr4	89065133	rs6853075
chr4	89065175	rs6857969
chr4	89069004	rs6532102
chr4	89077107	rs874147
chr4	89079709	rs10004795
chr4	89082518	rs35652620
chr4	89082575	rs12640018
chr4	89083925	rs6849540
chr4	89084704	rs2090031
chr4	89091763	rs6833424
chr4	89091765	rs80074956
chr4	89098936	rs6846010
chr4	89102639	rs12643834
chr4	89103053	rs62306363
chr4	89103170	rs4325981
chr4	89104599	rs13113298
chr4	89107006	rs36111123
chr4	89107502	rs4285052
chr4	89108522	rs6854285
chr4	89109713	rs33998578
chr4	89110177	rs62306390
chr4	89114948	rs12645173
chr4	89115623	rs938268
chr4	89119605	rs62306391
chr4	89120215	rs13138927
chr4	89120639	rs60618725
chr4	89125697	rs13138280
chr4	89126629	rs4642211
chr4	89130352	rs17015052
chr4	89132723	rs67287708
chr4	89132792	rs5029557
chr4	89135181	rs59924504
chr4	89135227	rs12647781
chr4	89136832	rs7658455
chr4	89137843	rs56943497
chr4	89141258	rs7690336
chr4	89141404	rs75140020
chr4	89144043	rs12498498
chr4	89154270	rs10446696
chr4	89156216	rs7672716
chr4	89156280	rs7672894
chr4	89159786	rs1513819
chr4	89166249	rs17822121
chr4	89172821	rs7697781
chr4	89173999	rs6815370
chr4	89175156	rs36074996
chr4	89175287	rs34685087
chr4	89176420	rs13110067
chr4	89181022	rs35159286
chr4	89181103	rs74797043
chr4	89185995	rs59268922
chr4	89191395	rs60107549
chr4	89191458	rs6856528
chr4	89192373	rs78122929
