chr1	47204853	rs12144626
chr1	47205239	rs4134058
chr1	47206617	rs12145836
chr1	47209097	rs4926521
chr1	47210561	rs741959
chr1	47210853	rs10890471
chr1	47210859	rs10789504
chr1	47211343	rs6658125
chr1	47211417	rs1543502
chr1	47212786	rs6669341
chr1	47213586	rs4926524
chr1	47213694	rs4926725
chr1	47213814	rs4926726
chr1	47214855	rs6692253
chr1	47215306	rs11211479
chr1	47216089	rs6695898
chr1	47219005	rs977747
chr1	47224170	rs34087210
chr1	47224766	rs2984618
chr1	47226363	rs61782665
chr1	47227548	rs11211480
chr1	47228142	rs7525145
chr1	47228309	rs7534271
chr1	47230909	rs12141363
chr1	47236557	rs1015890
chr1	47236696	rs2008713
chr1	47237728	rs12083555
chr1	47239002	rs11211482
chr1	47240568	rs12057184
chr1	47241059	rs1810659
chr1	47241061	rs1810658
chr1	47241298	rs911910
chr1	47241355	rs12407157
chr1	47242440	rs10890472
chr1	49076183	rs510764
chr1	49077999	rs659760
chr1	49078041	rs659426
chr1	49083824	rs679783
chr1	49091475	rs538493
chr1	49100885	rs7527364
chr1	49102174	rs505739
chr1	49103962	rs673702
chr1	49106563	rs491993
chr1	49107614	rs599981
chr1	49111811	rs504011
chr1	49112801	rs632921
chr1	49123200	rs672063
chr1	49124175	rs657452
chr1	49126305	rs483330
chr1	49145307	rs10788908
chr1	49148229	rs523473
chr1	49149874	rs666486
chr1	49157410	rs498824
chr1	49157509	rs497910
chr1	49161987	rs514453
chr1	50077250	rs12028252
chr1	50079077	rs6688605
chr1	50089990	rs7520915
chr1	50094148	rs11583200
chr1	50096212	rs11806190
chr1	50098744	rs12743369
chr1	72282986	rs3101339
chr1	72284817	rs11209943
chr1	72285451	rs3101337
chr1	72285502	rs3101336
chr1	72286547	rs2815765
chr1	72289422	rs2568952
chr1	72298693	rs2568956
chr1	72299433	rs2568958
chr1	74511593	rs6690871
chr1	74511741	rs953567
chr1	74514291	rs12036473
chr1	74518151	rs10493544
chr1	74525718	rs1514177
chr1	74525912	rs1514176
chr1	74525960	rs1514175
chr1	74526594	rs6604867
chr1	74526862	rs6604866
chr1	74527379	rs1514174
chr1	74527634	rs7526762
chr1	74528037	rs4650277
chr1	74529426	rs1514173
chr1	74529541	rs7551507
chr1	74529766	rs11210476
chr1	74532078	rs12042908
chr1	74532111	rs6703637
chr1	74532119	rs6698760
chr1	74532272	rs6698622
chr1	74532817	rs6695685
chr1	74534029	rs2344508
chr1	74534327	rs12142020
chr1	74535042	rs3843261
chr1	74535790	rs7525548
chr1	74535796	rs3845344
chr1	74536509	rs12566985
chr1	74536983	rs3845345
chr1	74538026	rs12041912
chr1	74538128	rs12568287
chr1	74538364	rs3845347
chr1	74538927	rs6604872
chr1	74539191	rs10890130
chr1	74539259	rs7520945
chr1	74539383	rs7553348
chr1	74539554	rs7553158
chr1	74539679	rs11210477
chr1	74540092	rs6656785
chr1	74540343	rs3895907
chr1	74541036	rs7514705
chr1	74541760	rs3765681
chr1	74542324	rs6604871
chr1	74542727	rs11210478
chr1	74545674	rs6669189
chr1	74546953	rs10218727
chr1	74547370	rs3843262
chr1	74548678	rs10789396
chr1	77981077	rs12401738
chr1	96421048	rs588660
chr1	96435899	rs10747478
chr1	96458541	rs11165643
chr1	96474563	rs2181375
chr1	96474815	rs2038646
chr1	96476850	rs10489741
chr1	96479241	rs1555543
chr1	96480697	rs6679458
chr1	96483970	rs10875017
chr1	177872550	rs6670873
chr1	177874344	rs2094510
chr1	177886382	rs516636
chr1	177899855	rs670323
chr1	177903770	rs571567
chr1	177904075	rs574367
chr1	177904706	rs490689
chr1	177906379	rs527248
chr1	177907811	rs589500
chr1	177909798	rs532504
chr1	177910800	rs633754
chr1	177916627	rs630372
chr1	177917883	rs478788
chr1	177919890	rs539515
chr1	177920345	rs543874
chr1	177925152	rs506589
chr1	177925456	rs509325
chr1	177929986	rs545608
chr1	177944384	rs10913469
chr1	201814554	rs2820290
chr1	201815023	rs2494116
chr1	201815159	rs2820292
chr1	201818705	rs2494112
chr1	201824312	rs2644128
chr2	601905	rs2867105
chr2	605176	rs62650890
chr2	609177	rs2947415
chr2	610603	rs2867131
chr2	614168	rs2947411
chr2	614210	rs2860323
chr2	615140	rs7567570
chr2	615627	rs7559547
chr2	620297	rs7563362
chr2	621185	rs7570232
chr2	621558	rs939584
chr2	621910	rs6717005
chr2	621954	rs1320332
chr2	622161	rs1320331
chr2	622225	rs1320330
chr2	622388	rs6760543
chr2	622531	rs939583
chr2	622723	rs939582
chr2	622827	rs2867125
chr2	622857	rs2867124
chr2	623212	rs4854339
chr2	623216	rs4854340
chr2	623224	rs939581
chr2	623691	rs11127483
chr2	623740	rs11687052
chr2	623935	rs6719518
chr2	623976	rs6728726
chr2	624034	rs6711012
chr2	624084	rs6711039
chr2	624205	rs6731872
chr2	624210	rs6711254
chr2	624524	rs2867123
chr2	624581	rs2867122
chr2	624678	rs2903492
chr2	625029	rs7576624
chr2	625057	rs7576635
chr2	625347	rs12476198
chr2	628504	rs6744646
chr2	628524	rs6744653
chr2	628749	rs6739303
chr2	629244	rs12463617
chr2	629510	rs6743060
chr2	629601	rs6748821
chr2	629817	rs6732341
chr2	629818	rs6749087
chr2	629831	rs6752706
chr2	629881	rs12995480
chr2	629914	rs6732471
chr2	629959	rs12995666
chr2	630024	rs13007080
chr2	630034	rs13007086
chr2	630070	rs66906321
chr2	630075	rs73139123
chr2	630113	rs12997450
chr2	630224	rs6731225
chr2	630323	rs6725549
chr2	630339	rs6731348
chr2	630436	rs6725686
chr2	630509	rs6735024
chr2	630555	rs115910474
chr2	630569	rs6735049
chr2	630662	rs6731688
chr2	630782	rs13028737
chr2	630788	rs13008590
chr2	630902	rs5017305
chr2	630903	rs5017304
chr2	631183	rs7579427
chr2	631255	rs7588007
chr2	631335	rs7569102
chr2	631462	rs7569210
chr2	631528	rs7585056
chr2	631603	rs7579971
chr2	631606	rs10865548
chr2	631759	rs10865549
chr2	632028	rs11127485
chr2	632101	rs11127486
chr2	632146	rs12623218
chr2	632300	rs12992154
chr2	632348	rs13021737
chr2	632379	rs13027828
chr2	632529	rs13028252
chr2	632536	rs13022164
chr2	632550	rs13012571
chr2	632591	rs13028310
chr2	632592	rs12992672
chr2	632609	rs13022337
chr2	632723	rs13013021
chr2	632760	rs34119520
chr2	632808	rs12993295
chr2	632904	rs35802221
chr2	632922	rs62105303
chr2	632925	rs62105304
chr2	633055	rs374892365
chr2	633063	rs74676797
chr2	633659	rs13035713
chr2	633660	rs62105306
chr2	633661	rs62105307
chr2	634476	rs4854342
chr2	634905	rs6548238
chr2	635154	rs6548239
chr2	635200	rs6734363
chr2	635721	rs6755502
chr2	635857	rs6746275
chr2	635864	rs6751993
chr2	635866	rs6751994
chr2	636017	rs6749375
chr2	636790	rs35142762
chr2	636819	rs35796073
chr2	636929	rs6548240
chr2	637498	rs13387939
chr2	637508	rs13396119
chr2	637597	rs13388043
chr2	637830	rs13393304
chr2	638144	rs4854344
chr2	638190	rs4854345
chr2	638560	rs7561556
chr2	638566	rs7606023
chr2	638918	rs4854346
chr2	639055	rs7564708
chr2	639060	rs62105327
chr2	639061	rs7564711
chr2	639900	rs11127487
chr2	640701	rs10166979
chr2	641082	rs10169736
chr2	641159	rs4854347
chr2	641718	rs10865550
chr2	641863	rs10865551
chr2	642253	rs12714413
chr2	642467	rs13391851
chr2	642499	rs7601028
chr2	642846	rs7591067
chr2	643303	rs7604609
chr2	643315	rs7560127
chr2	643320	rs7594220
chr2	643428	rs7604752
chr2	643469	rs7560246
chr2	644529	rs13025697
chr2	644953	rs7561317
chr2	645082	rs7567368
chr2	645122	rs7558910
chr2	645203	rs7559018
chr2	645372	rs7567710
chr2	645646	rs7559447
chr2	646061	rs11127488
chr2	646081	rs11127489
chr2	646110	rs11127490
chr2	646145	rs11127491
chr2	646345	rs10172769
chr2	646364	rs10189761
chr2	646674	rs10190052
chr2	646767	rs10173167
chr2	646803	rs7571957
chr2	646839	rs7571967
chr2	646849	rs7571970
chr2	647577	rs10190313
chr2	647580	rs10193244
chr2	647760	rs4854348
chr2	647861	rs4854349
chr2	648198	rs7570198
chr2	648607	rs4407278
chr2	648758	rs4423631
chr2	648810	rs4452188
chr2	649347	rs1320338
chr2	649638	rs2903489
chr2	650012	rs1320336
chr2	650143	rs2867108
chr2	650479	rs13386517
chr2	650519	rs13401686
chr2	650560	rs13386627
chr2	650647	rs4613321
chr2	650828	rs13386964
chr2	650973	rs13405307
chr2	650974	rs13387090
chr2	650980	rs13387091
chr2	651030	rs2867109
chr2	651105	rs2867110
chr2	651286	rs2867111
chr2	651290	rs2903490
chr2	651349	rs2867112
chr2	651365	rs2867113
chr2	651380	rs2867114
chr2	651382	rs2867115
chr2	651407	rs12714414
chr2	651430	rs12714415
chr2	651482	rs6719883
chr2	651483	rs6756518
chr2	651507	rs6719980
chr2	652247	rs7608050
chr2	652272	rs6760274
chr2	652542	rs7574359
chr2	652565	rs7570993
chr2	652576	rs4429506
chr2	652607	rs10192350
chr2	653093	rs13415094
chr2	653195	rs13396935
chr2	653245	rs13412194
chr2	653250	rs13412197
chr2	653354	rs13397165
chr2	653575	rs35913461
chr2	653581	rs35628463
chr2	653874	rs10188334
chr2	24918669	rs11676272
chr2	24920780	rs6746013
chr2	24922304	rs59086897
chr2	24927142	rs6749422
chr2	24927247	rs6752378
chr2	24927427	rs10182181
chr2	24927772	rs10182458
chr2	24927889	rs10185143
chr2	24933904	rs2384054
chr2	24935139	rs713586
chr2	24935412	rs713587
chr2	24936303	rs6728219
chr2	24936632	rs6738433
chr2	24936911	rs10865320
chr2	24936986	rs10865321
chr2	24936989	rs10865322
chr2	24938367	rs4343432
chr2	24938396	rs4459693
chr2	24938517	rs4430895
chr2	24940914	rs3731623
chr2	26687688	rs1275983
chr2	26699194	rs1314982
chr2	26701955	rs1731248
chr2	26705229	rs1731247
chr2	26705943	rs11126666
chr2	26710019	rs1275922
chr2	59064037	rs6711568
chr2	59068591	rs11125767
chr2	59073799	rs2192498
chr2	59075742	rs887912
chr2	59078490	rs1016287
chr2	59082913	rs2192497
chr2	59084776	rs763712
chr2	59087885	rs4287756
chr2	59087887	rs4324310
chr2	59089698	rs9798497
chr2	59091557	rs4417698
chr2	59092123	rs6545717
chr2	59094171	rs2215865
chr2	59102018	rs759250
chr2	62825913	rs11688816
chr2	62841977	rs6714241
chr2	142276731	rs72855146
chr2	142278013	rs72855148
chr2	142283082	rs76387504
chr2	142283431	rs72855154
chr2	142283513	rs6714473
chr2	142283752	rs72855158
chr2	142284305	rs112642138
chr2	142285387	rs72855161
chr2	142285466	rs17835238
chr2	142285716	rs2121279
chr2	163667291	rs56328583
chr2	163674737	rs62169899
chr2	163674795	rs10497239
chr2	163677348	rs72867795
chr2	163686479	rs62169900
chr2	163686660	rs72870510
chr2	163710332	rs16848820
chr2	163711179	rs1460676
chr2	163717337	rs28473311
chr2	163721191	rs6710146
chr2	163723013	rs7606895
chr2	163724731	rs10192119
chr2	163725481	rs1531360
chr2	163728494	rs9287838
chr2	163730155	rs7563112
chr2	163732457	rs58232177
chr2	180653637	rs1997288
chr2	180654001	rs4319898
chr2	180654707	rs11690655
chr2	180658056	rs6727573
chr2	180658228	rs1528446
chr2	180661868	rs2004125
chr2	180663870	rs2887185
chr2	180663936	rs1406256
chr2	180674747	rs13028571
chr2	180677010	rs3856404
chr2	180684793	rs10200524
chr2	180686169	rs1528436
chr2	180686235	rs1528435
chr2	180691292	rs7570433
chr2	180697015	rs11677686
chr2	180701984	rs12467692
chr2	180702465	rs12467798
chr2	180702829	rs1609303
chr2	180703280	rs12622267
chr2	180703300	rs12615821
chr2	180705667	rs67383253
chr2	180705780	rs12479357
chr2	180709560	rs62178054
chr2	180710545	rs7561676
chr2	180710554	rs7588437
chr2	180711799	rs56655718
chr2	207390794	rs17203016
chr2	212539139	rs6735267
chr2	212544290	rs10184221
chr2	212549541	rs13427822
chr2	218436000	rs11682844
chr2	218437743	rs733925
chr2	218440128	rs58650092
chr2	218440681	rs2305833
chr2	218443421	rs2384807
chr2	218444510	rs28729183
chr2	218445760	rs4674308
chr2	218446792	rs7568926
chr2	218447746	rs72965103
chr2	218448631	rs41461846
chr2	218451580	rs2178019
chr2	218452525	rs3755042
chr2	218453355	rs4674310
chr2	218455162	rs7601872
chr2	218455484	rs3932856
chr2	218457707	rs832810
chr2	218459293	rs684776
chr2	218462859	rs579610
chr2	218463854	rs1727106
chr2	218463958	rs548521
chr2	218464762	rs520095
chr2	218465096	rs664514
chr2	218465466	rs72965126
chr2	218468290	rs564509
chr2	218469890	rs511080
chr2	218469913	rs642950
chr2	218471212	rs659185
chr2	218471221	rs10200507
chr2	218471385	rs545779
chr2	218471842	rs570790
chr2	218472236	rs833083
chr2	218472610	rs833084
chr2	218474066	rs523396
chr2	218474560	rs549026
chr2	218477104	rs72965147
chr2	218477561	rs3845835
chr2	218479442	rs72965151
chr2	218480914	rs17462853
chr2	218481379	rs711186
chr2	218484165	rs573555
chr2	218485029	rs492400
chr2	218487788	rs7598056
chr2	218487849	rs7571743
chr2	218487875	rs11678428
chr2	218488472	rs10932782
chr2	218489283	rs35945874
chr2	218489474	rs12468043
chr2	218489846	rs832813
chr2	218490133	rs13400327
chr2	218490935	rs626432
chr2	218491071	rs556468
chr2	218493019	rs496908
chr2	218493135	rs495855
chr2	218493880	rs832817
chr2	218494564	rs678814
chr2	218494962	rs6710383
chr2	218495342	rs1727107
chr2	218501248	rs639913
chr2	218503535	rs670695
chr2	218504565	rs12617603
chr2	218505128	rs590771
chr2	218507041	rs620049
chr2	218507510	rs535830
chr2	218508045	rs634590
chr2	218508189	rs563268
chr2	218508474	rs636723
chr2	218509394	rs662250
chr2	218509527	rs485975
chr2	218510295	rs514356
chr2	218510988	rs6717433
chr2	218514625	rs561570
chr2	218514986	rs678218
chr2	218516682	rs533760
chr2	218517129	rs537520
chr2	218518398	rs585859
chr2	218519661	rs667251
chr2	218522176	rs832802
chr2	218522282	rs598701
chr2	218522550	rs599973
chr2	218524513	rs645796
chr2	218526244	rs10179708
chr2	218526949	rs541000
chr2	218526995	rs112241774
chr2	218527031	rs688116
chr2	218527032	rs541860
chr2	218527436	rs545460
chr2	218528086	rs832804
chr2	218531532	rs7603816
chr2	218531961	rs484085
chr2	218533436	rs559722
chr2	218533441	rs3856548
chr2	218534466	rs13414408
chr2	218534904	rs687747
chr2	226183055	rs2943653
chr2	226197364	rs952227
chr2	226218695	rs1399627
chr2	226227689	rs1515104
chr2	226228086	rs2176040
chr2	226228869	rs2943640
chr2	226230042	rs2203452
chr2	226230443	rs2138161
chr2	226230504	rs2222018
chr2	226231160	rs1024137
chr2	226234464	rs2943645
chr2	226234818	rs2943646
chr2	226235138	rs2972147
chr2	226235259	rs2943647
chr2	226235774	rs2943648
chr2	226235982	rs2972146
chr2	226236593	rs2972145
chr2	226236695	rs2972144
chr2	226239001	rs2138157
chr2	226239395	rs2972140
chr2	226240975	rs2943649
chr2	226241501	rs2972138
chr2	226241645	rs2972137
chr2	226242319	rs2972136
chr2	226242785	rs1913657
chr2	226243484	rs2972135
chr2	226243730	rs2943652
chr2	226248038	rs2943654
chr2	226251649	rs2972143
chr2	226252982	rs2972155
chr2	226253062	rs2972156
chr2	226257202	rs2943656
chr2	226257500	rs1515110
chr2	226258370	rs1515108
chr2	226258868	rs2943658
chr2	226260538	rs2943659
chr2	226260700	rs1399626
chr2	226263827	rs2943660
chr2	226264183	rs1515099
chr2	226264201	rs1515100
chr2	226268811	rs2396316
chr2	226268813	rs2396315
chr2	226271304	rs2673128
chr2	226271486	rs1567973
chr2	226272409	rs2713539
chr2	226274231	rs1399625
chr2	226275770	rs2713540
chr2	226276271	rs1515102
chr2	226276532	rs2673131
chr2	226277052	rs2713541
chr2	226277322	rs2713542
chr3	25044837	rs7618975
chr3	25048986	rs35779991
chr3	25054420	rs1609783
chr3	25058285	rs10510554
chr3	25059779	rs4858696
chr3	25061767	rs12632128
chr3	25064946	rs6804842
chr3	25065269	rs6767671
chr3	25066375	rs6808550
chr3	25068924	rs7619139
chr3	25075091	rs4858697
chr3	25077146	rs7429279
chr3	25079953	rs12629972
chr3	25080710	rs12638455
chr3	25080747	rs12630658
chr3	61200806	rs35198002
chr3	61200821	rs17064630
chr3	61200876	rs9846073
chr3	61201136	rs1916802
chr3	61201372	rs1916801
chr3	61201523	rs1916800
chr3	61201666	rs11130822
chr3	61202006	rs9844741
chr3	61202058	rs9882800
chr3	61202157	rs6787292
chr3	61202302	rs6787313
chr3	61202450	rs6787595
chr3	61203311	rs1980311
chr3	61203369	rs1980310
chr3	61203447	rs1980309
chr3	61203561	rs1980308
chr3	61203642	rs4535219
chr3	61204067	rs1554599
chr3	61204931	rs9856859
chr3	61204990	rs9860681
chr3	61205069	rs9823201
chr3	61205090	rs9843237
chr3	61205578	rs12487914
chr3	61205853	rs9714003
chr3	61205901	rs12491421
chr3	61206352	rs199846247
chr3	61206372	rs200444761
chr3	61206410	rs201162508
chr3	61206927	rs76495385
chr3	61207237	rs141954845
chr3	61207973	rs7432943
chr3	61208120	rs146317771
chr3	61208956	rs4688351
chr3	61209104	rs4688352
chr3	61209327	rs4688354
chr3	61209447	rs4688355
chr3	61209628	rs4605537
chr3	61210748	rs11130826
chr3	61211236	rs11130828
chr3	61211530	rs9875827
chr3	61211556	rs9856189
chr3	61212269	rs34706798
chr3	61212345	rs34515056
chr3	61213127	rs4688358
chr3	61213206	rs4688359
chr3	61213786	rs112604501
chr3	61213908	rs202040070
chr3	61214917	rs74627412
chr3	61214982	rs193017108
chr3	61215939	rs79862154
chr3	61217050	rs11720254
chr3	61221113	rs62268425
chr3	61221403	rs9843007
chr3	61221783	rs4688379
chr3	61228319	rs6445197
chr3	61239789	rs1880215
chr3	61240175	rs6809031
chr3	61242723	rs6445199
chr3	61247022	rs9859004
chr3	61250788	rs2365389
chr3	61254859	rs9831249
chr3	61255374	rs6445200
chr3	61257937	rs6785875
chr3	61259663	rs12715567
chr3	61259779	rs9631501
chr3	61259796	rs9631502
chr3	61261323	rs7629340
chr3	61261781	rs6445201
chr3	61264763	rs1949772
chr3	61268746	rs815717
chr3	61269739	rs843812
chr3	61271415	rs9855716
chr3	61271777	rs1524019
chr3	61273290	rs7617641
chr3	61274254	rs815707
chr3	61274399	rs815708
chr3	61276333	rs815709
chr3	61276475	rs815710
chr3	61276740	rs863635
chr3	61277395	rs815712
chr3	61278410	rs815715
chr3	61291261	rs815706
chr3	61292147	rs13069233
chr3	81697331	rs9826069
chr3	81698068	rs78242412
chr3	81702817	rs3772896
chr3	81707116	rs6795133
chr3	81709577	rs3821548
chr3	81713636	rs7620240
chr3	81720342	rs3772895
chr3	81722896	rs9828309
chr3	81727091	rs13072957
chr3	81741819	rs13340130
chr3	81753569	rs3772884
chr3	81753651	rs3772883
chr3	81759451	rs3772882
chr3	81761574	rs2290081
chr3	81762073	rs3755713
chr3	81762633	rs3860595
chr3	81765537	rs9842330
chr3	81769889	rs11711331
chr3	81777098	rs7638516
chr3	81778614	rs9817181
chr3	81779079	rs9818006
chr3	81779841	rs13074632
chr3	81781577	rs2316037
chr3	81784426	rs13084107
chr3	81784567	rs13062245
chr3	81784615	rs10154945
chr3	81784755	rs13062054
chr3	81784815	rs11915016
chr3	81784909	rs11915042
chr3	81790253	rs13088000
chr3	81791071	rs6548773
chr3	81791523	rs11712243
chr3	81792718	rs9826270
chr3	85757047	rs12714637
chr3	85758440	rs13078960
chr3	85760275	rs13068138
chr3	85761051	rs9309990
chr3	85764174	rs9875880
chr3	85769242	rs13090253
chr3	85771031	rs13098327
chr3	85775574	rs9869320
chr3	85777231	rs9813495
chr3	85777586	rs9852127
chr3	85777818	rs9852478
chr3	85779055	rs9820014
chr3	85779692	rs9824971
chr3	85780267	rs7622475
chr3	85781609	rs9873441
chr3	85782813	rs9309991
chr3	85790060	rs13085840
chr3	85793191	rs9852859
chr3	85796081	rs11721040
chr3	85799844	rs9837525
chr3	85800891	rs7640660
chr3	85800912	rs12714640
chr3	85802986	rs9816144
chr3	85806842	rs35806405
chr3	85807449	rs13064170
chr3	85808318	rs4444725
chr3	141515275	rs79583300
chr3	141515738	rs139976154
chr3	141520723	rs76839703
chr3	141524686	rs7627774
chr3	141524886	rs7627807
chr3	141526386	rs79936528
chr3	141534374	rs78341452
chr3	141543568	rs78971034
chr3	141545746	rs116432286
chr3	141547495	rs78575557
chr3	141548452	rs59714050
chr3	141548453	rs60654199
chr3	141552414	rs4683610
chr3	141554624	rs76612873
chr3	141556594	rs16851483
chr3	141561431	rs3821709
chr3	141561606	rs77586571
chr3	141562154	rs114466221
chr3	141566218	rs80255756
chr3	141574421	rs4683612
chr3	141576936	rs3732869
chr3	141581544	rs78425303
chr3	141587171	rs2035935
chr3	141601544	rs77742015
chr3	141601743	rs58025624
chr3	141604787	rs114595240
chr3	141606480	rs295321
chr3	186080236	rs77805826
chr3	186085743	rs112545201
chr3	186086794	rs57912727
chr3	186094380	rs80080062
chr3	186094845	rs78785910
chr3	186096853	rs6809651
chr3	186100770	rs74607912
chr3	186101093	rs4234589
chr3	186102494	rs9844949
chr3	186104564	rs10513801
chr3	186104985	rs10937241
chr3	186106215	rs1516725
chr4	45173674	rs13130484
chr4	45177866	rs12641981
chr4	45179317	rs12507026
chr4	45180510	rs10938397
chr4	45184122	rs10938398
chr4	76162226	rs6829784
chr4	76164504	rs112267445
chr4	76174965	rs17001561
chr4	76189864	rs72655532
chr4	76193595	rs2119733
chr4	76196156	rs6835324
chr4	76205951	rs72655536
chr4	76206618	rs12508946
chr4	76207100	rs72655538
chr4	76207571	rs72655539
chr4	76208415	rs17001654
chr4	102225731	rs35225200
chr4	102225733	rs35518360
chr4	102267552	rs13107325
chr4	102276925	rs13135092
chr4	144700176	rs75686861
chr4	144737912	rs11727676
chr5	75669729	rs42302
chr5	75671561	rs40060
chr5	75671868	rs34359
chr5	75671883	rs34360
chr5	75676021	rs34361
chr5	75686382	rs16872768
chr5	75690656	rs4704230
chr5	75696024	rs6881648
chr5	75701931	rs10057967
chr5	75703751	rs6874626
chr5	75707231	rs3797580
chr5	75707853	rs2307111
chr5	75714177	rs6864091
chr5	75719417	rs2112347
chr5	75727385	rs6453143
chr5	154137618	rs815610
chr5	154139206	rs815611
chr5	154145447	rs1632065
chr5	154156297	rs1346482
chr5	154158333	rs7715256
chr5	154158681	rs7719067
chr5	154160465	rs4569924
chr5	154162344	rs1428120
chr5	154163906	rs7708584
chr5	154164952	rs4958702
chr5	154166027	rs4958361
chr5	154166138	rs1366219
chr5	154166867	rs7724430
chr5	154166932	rs11958466
chr5	154167042	rs11958496
chr5	154167248	rs10044136
chr5	154167849	rs7701886
chr5	154167935	rs1428121
chr5	154168646	rs2099044
chr6	34595387	rs205262
chr6	40380914	rs2033529
chr6	50829192	rs62405422
chr6	50830813	rs2206277
chr6	50835337	rs987237
chr6	50841565	rs4715207
chr6	50842074	rs3798526
chr6	50846016	rs62405437
chr6	50847601	rs62405438
chr6	50849174	rs72892910
chr6	50865371	rs4711961
chr6	50868566	rs734597
chr6	50869063	rs1075847
chr6	50877777	rs2207139
chr6	50879773	rs62405439
chr6	50890522	rs72891717
chr6	50894584	rs375657178
chr6	50896622	rs62405443
chr6	50898107	rs943005
chr6	50905488	rs62407770
chr6	50912891	rs62407774
chr6	50922371	rs62407779
chr6	50925730	rs12524834
chr6	50925939	rs77891659
chr6	108624167	rs2022464
chr6	108652895	rs13217795
chr6	108653543	rs4946932
chr6	108656460	rs9400239
chr6	108662324	rs9398171
chr6	108666981	rs2153960
chr6	108672958	rs3800227
chr6	108673230	rs35396874
chr6	108673623	rs9398172
chr6	108675545	rs3800228
chr6	108675760	rs3800229
chr6	108676232	rs9374040
chr6	108676408	rs9400240
chr6	108677063	rs3800231
chr6	108677702	rs1935952
chr6	108678084	rs1935949
chr6	108679113	rs9398173
chr6	108680839	rs4945816
chr6	108682118	rs4946936
chr6	108682786	rs9400241
chr6	119823702	rs6931818
chr6	119829773	rs12528002
chr6	119836051	rs4946445
chr6	119836763	rs13206217
chr6	119839021	rs4403287
chr6	119839905	rs12530313
chr6	119840425	rs13208822
chr6	119843335	rs4245504
chr6	119844309	rs1330105
chr6	119844329	rs1330106
chr6	119847469	rs6917690
chr6	119848270	rs13200922
chr6	119848965	rs12527104
chr6	119851136	rs4946447
chr6	119853090	rs17630332
chr6	119853830	rs4946448
chr6	119857867	rs4945650
chr6	119861464	rs1329530
chr6	119862933	rs2357755
chr6	119864519	rs9374842
chr6	119881044	rs17636630
chr6	119889340	rs1330113
chr6	119893935	rs496149
chr6	137304604	rs9494717
chr6	137304783	rs9484011
chr6	137307858	rs72981437
chr6	137307859	rs72981438
chr6	137308799	rs9484015
chr6	137308947	rs17258074
chr6	137312493	rs56210409
chr6	137318924	rs72981450
chr6	137323021	rs535571835
chr6	137323023	rs116783992
chr6	137327159	rs72981476
chr6	137329666	rs72981480
chr6	137333256	rs72981489
chr6	137333649	rs72981492
chr6	137333755	rs17199159
chr6	137339736	rs72983412
chr6	137339992	rs17258750
chr6	137341091	rs72983419
chr6	137341340	rs17258841
chr6	137342612	rs17199398
chr6	137345229	rs72983441
chr6	137349008	rs55651533
chr6	137350116	rs3904531
chr6	137350304	rs3904532
chr6	137351086	rs111283238
chr6	137351632	rs13208481
chr6	137353248	rs72983473
chr6	137353249	rs17066314
chr6	137354404	rs13201877
chr6	162563252	rs13209994
chr6	162567516	rs67084568
chr6	162572346	rs34344906
chr6	162573122	rs35911566
chr6	162575710	rs28360533
chr6	162575950	rs66921603
chr6	162576051	rs73035006
chr6	162576247	rs73035012
chr6	162576367	rs36107456
chr6	162576445	rs28360532
chr6	162576501	rs13209728
chr6	162577017	rs13213408
chr6	162577671	rs35211042
chr6	162578580	rs34398656
chr6	162579155	rs34697913
chr6	162579684	rs73035021
chr6	162579895	rs73035023
chr6	162579956	rs73035025
chr6	162580051	rs13199223
chr6	162580556	rs13196631
chr6	162580704	rs71567659
chr6	162580842	rs35818596
chr6	162581448	rs13204013
chr6	162581658	rs34306375
chr6	162581696	rs35518396
chr6	162581837	rs35383933
chr6	162582201	rs67646369
chr6	162582290	rs66534429
chr6	162582382	rs55847707
chr6	162582844	rs34931503
chr6	162583032	rs34637087
chr6	162583110	rs35044651
chr6	162583181	rs13219926
chr6	162583293	rs13220048
chr6	162583369	rs13220181
chr6	162583386	rs13200329
chr6	162583701	rs36113695
chr6	162583712	rs36042757
chr6	162583970	rs150436916
chr6	162583989	rs13204087
chr6	162584010	rs13220728
chr6	162584354	rs34918316
chr6	162584630	rs66529337
chr6	162584705	rs73020362
chr6	162584936	rs71551179
chr6	162585336	rs13208970
chr6	162585389	rs13195226
chr6	162585509	rs67042566
chr6	162585611	rs60719662
chr6	162586636	rs34009353
chr6	162586714	rs35575481
chr6	162586740	rs34177053
chr6	162587046	rs34714603
chr6	162587165	rs35723993
chr6	162587200	rs34228197
chr6	162587461	rs35395472
chr6	162587726	rs13190742
chr6	162587740	rs13207239
chr6	162587998	rs13210756
chr6	162588303	rs36007635
chr6	162588753	rs34549249
chr6	162588935	rs7764785
chr6	162589008	rs7769048
chr6	162589229	rs13212137
chr6	162589293	rs13215491
chr6	162589583	rs116735807
chr6	162589678	rs13215748
chr6	162590015	rs34066731
chr6	162590411	rs13200053
chr6	162590520	rs67025553
chr6	162591350	rs34192365
chr6	162591411	rs35126854
chr6	162592352	rs73008453
chr6	162594326	rs13204439
chr6	162594410	rs13193282
chr6	162595525	rs13208136
chr6	162598446	rs13210412
chr6	162599605	rs35760705
chr6	162602433	rs35449999
chr6	162608677	rs68045643
chr6	162608683	rs35424047
chr6	162608735	rs34619021
chr6	162609408	rs59067610
chr6	162611096	rs13212608
chr6	162612318	rs13191362
chr6	162616943	rs13215538
chr6	162620239	rs34063386
chr6	162624721	rs67889271
chr6	162625220	rs35820211
chr6	162627348	rs34709632
chr6	162628016	rs67840803
chr6	162630813	rs34594856
chr6	162631412	rs13192894
chr6	162631996	rs35509380
chr6	162634684	rs34347104
chr6	162634772	rs35443919
chr6	162647500	rs67046187
chr6	162648474	rs56263105
chr6	162648678	rs55822577
chr6	162650424	rs13209899
chr6	162653835	rs35754151
chr6	162659746	rs34714518
chr6	162660606	rs13218900
chr6	162661448	rs34934114
chr7	75485329	rs28535171
chr7	75485949	rs55838432
chr7	75493917	rs62477719
chr7	75494283	rs10230587
chr7	75497689	rs62477723
chr7	75500568	rs794365
chr7	75501270	rs794364
chr7	75503147	rs62477728
chr7	75505920	rs1167809
chr7	75507775	rs62477735
chr7	75515270	rs794379
chr7	75517798	rs1167819
chr7	75518475	rs794375
chr7	75519484	rs794373
chr7	75531992	rs809439
chr7	75532853	rs794369
chr7	75533848	rs1167827
chr7	76938758	rs7804790
chr7	76939283	rs7792176
chr7	76939354	rs7788420
chr7	76940458	rs10257197
chr7	76944255	rs113026793
chr7	76944737	rs55654714
chr7	76946083	rs4265120
chr7	76946676	rs6465374
chr7	76949154	rs9692114
chr7	76949651	rs2429289
chr7	76950069	rs28878179
chr7	76950260	rs62477765
chr7	76951557	rs200434940
chr7	76953154	rs62473676
chr7	76964896	rs3864555
chr7	76967274	rs28731188
chr7	76970989	rs62473704
chr7	76971000	rs62473705
chr7	76972446	rs4510776
chr7	76973330	rs4639445
chr7	76975031	rs62473709
chr7	76975044	rs62473710
chr7	76976005	rs1861026
chr7	76976330	rs2539626
chr7	76978621	rs56083327
chr7	76978826	rs2245368
chr7	76979423	rs12536404
chr7	76979651	rs2462310
chr7	76980627	rs2430307
chr7	76980982	rs62473743
chr7	76981090	rs62473744
chr7	76981304	rs6956966
chr7	76989304	rs11761665
chr7	76989436	rs4634558
chr7	76997302	rs62650373
chr7	77001191	rs62474172
chr7	77001265	rs28405224
chr7	77001641	rs4307272
chr7	77001792	rs13240802
chr7	77001815	rs13231486
chr7	77002357	rs7807098
chr7	77002410	rs7787384
chr7	77002781	rs6954694
chr7	77002936	rs4406337
chr7	77004557	rs56010427
chr7	77004952	rs36028884
chr7	77005689	rs2260084
chr7	77007439	rs4727295
chr7	77007753	rs4729098
chr7	77008074	rs6953561
chr7	77008941	rs7792906
chr7	77010522	rs6951489
chr7	77011229	rs36036189
chr7	93525009	rs12704673
chr7	93525996	rs10488550
chr7	93526280	rs12704674
chr7	93527345	rs17795306
chr7	93528526	rs34901335
chr7	93530158	rs13223317
chr7	93530376	rs4141362
chr7	93533171	rs73221770
chr7	93534407	rs10488551
chr7	93534493	rs17147458
chr7	93536819	rs56157915
chr7	93537081	rs201016357
chr7	93543159	rs12704682
chr7	93544161	rs2374660
chr7	93544829	rs67990950
chr7	93546184	rs7457241
chr7	93552851	rs34858811
chr7	93553003	rs10488554
chr7	93557716	rs13237782
chr7	93561890	rs34588678
chr7	93561895	rs34921807
chr7	93563398	rs1548457
chr7	93563930	rs10464483
chr7	93568420	rs9641123
chr7	93568946	rs6943127
chr7	95540202	rs6465468
chr8	75849611	rs72663572
chr8	75860084	rs67970739
chr8	75861613	rs10504597
chr8	75865589	rs56126513
chr8	75866182	rs55752015
chr8	75870087	rs12547701
chr8	75870556	rs12543431
chr8	75871100	rs17404994
chr8	75872098	rs17405029
chr8	75874706	rs12678759
chr8	75875272	rs12543152
chr8	75883689	rs67130269
chr8	75886111	rs10957779
chr8	75889305	rs17320714
chr8	75893460	rs17320964
chr8	75894666	rs56044589
chr8	75897486	rs12541263
chr8	75897988	rs12546319
chr8	75898451	rs12679314
chr8	75898972	rs67149377
chr8	75900422	rs17321187
chr8	75901033	rs1462433
chr8	75901713	rs12156273
chr8	75901949	rs17406115
chr8	75901972	rs17321328
chr8	75903894	rs10957780
chr8	75904979	rs12541265
chr8	75906979	rs2891363
chr8	75907530	rs7822881
chr8	75907548	rs2169513
chr8	75907729	rs2126476
chr8	75907783	rs2126475
chr8	75908591	rs10957781
chr8	75909728	rs17321383
chr8	75910027	rs7833708
chr8	75910186	rs7833643
chr8	75911039	rs10808805
chr8	75911587	rs12547392
chr8	75912492	rs10808806
chr8	75913020	rs10957782
chr8	75913352	rs1037962
chr8	75913618	rs12548773
chr8	80463222	rs16907751
chr8	84165451	rs733594
chr8	84167356	rs10110064
chr8	84167474	rs2033732
chr8	84167485	rs2033731
chr8	84168222	rs1465809
chr8	84169384	rs7821259
chr8	84172110	rs2118320
chr8	84173033	rs12546578
chr8	84173165	rs10808859
chr8	84177159	rs2196617
chr8	84177202	rs2196618
chr8	84180886	rs1550215
chr8	84184308	rs7815593
chr8	84184832	rs6473528
chr9	15584487	rs10810401
chr9	15584811	rs276455
chr9	15585049	rs276454
chr9	15585397	rs192466
chr9	15586536	rs10810402
chr9	15588010	rs4448380
chr9	15591374	rs4741510
chr9	15596226	rs4740617
chr9	15597044	rs146762198
chr9	15597151	rs140382641
chr9	15599029	rs9696751
chr9	15599103	rs10756676
chr9	15599160	rs2457265
chr9	15599352	rs2457263
chr9	15599353	rs4741514
chr9	15600743	rs10810407
chr9	15601973	rs10810408
chr9	15602070	rs432452
chr9	15602103	rs2055772
chr9	15603068	rs4741515
chr9	15604748	rs10481557
chr9	15609963	rs3122702
chr9	15610509	rs4741516
chr9	15611508	rs183928
chr9	15613840	rs169342
chr9	15614372	rs276436
chr9	15615323	rs10756677
chr9	15615934	rs10756678
chr9	15616283	rs4741517
chr9	15616510	rs442549
chr9	15617679	rs6474931
chr9	15619127	rs276435
chr9	15621107	rs276433
chr9	15621213	rs276432
chr9	15623165	rs7863088
chr9	15623646	rs10756679
chr9	15623963	rs4741519
chr9	15624713	rs10810409
chr9	15625219	rs276443
chr9	15625265	rs7389629
chr9	15625908	rs10810410
chr9	15626733	rs4741520
chr9	15627387	rs7389023
chr9	15627512	rs7389047
chr9	15628256	rs10756680
chr9	15628517	rs4740618
chr9	15629241	rs7031131
chr9	15629457	rs4741522
chr9	15630491	rs147365453
chr9	15631269	rs427078
chr9	15631270	rs428485
chr9	15631281	rs442719
chr9	15631737	rs6474938
chr9	15633072	rs10756682
chr9	15634246	rs4741523
chr9	15634251	rs4741524
chr9	15634328	rs4740619
chr9	15634648	rs10756686
chr9	15636262	rs451878
chr9	15637449	rs9886779
chr9	15638366	rs1533040
chr9	15638389	rs4740620
chr9	15638473	rs10810416
chr9	15638680	rs11792937
chr9	15640027	rs7032755
chr9	15640044	rs7049101
chr9	15640049	rs7032877
chr9	15640406	rs4740621
chr9	15641281	rs2175082
chr9	15641980	rs1848582
chr9	15642193	rs10756687
chr9	15642227	rs10962105
chr9	15642604	rs13291638
chr9	15642885	rs7042475
chr9	15642911	rs10810419
chr9	15643067	rs4741527
chr9	15643079	rs7031365
chr9	15644443	rs10962106
chr9	15644534	rs13301516
chr9	15645715	rs12340969
chr9	15648592	rs7851056
chr9	15650011	rs7022384
chr9	15650013	rs7038778
chr9	15650208	rs10738402
chr9	15650506	rs7023275
chr9	15653595	rs7036172
chr9	15653870	rs7036875
chr9	15653884	rs7036674
chr9	15654256	rs7025669
chr9	15655980	rs4741528
chr9	15656261	rs4741529
chr9	15658796	rs10962110
chr9	15660499	rs10756688
chr9	15660906	rs10756689
chr9	15662039	rs10123042
chr9	15662789	rs2382538
chr9	15664423	rs7046351
chr9	15664811	rs7030846
chr9	15665203	rs7034484
chr9	15665604	rs4740622
chr9	15666714	rs6474942
chr9	15667704	rs1553728
chr9	15670447	rs6474944
chr9	15670494	rs6474945
chr9	15674667	rs7848511
chr9	15674971	rs6474946
chr9	15676184	rs10118359
chr9	15676257	rs10121591
chr9	15677080	rs10810426
chr9	15677429	rs7049176
chr9	15677927	rs10125463
chr9	15681696	rs1355171
chr9	15681903	rs10733295
chr9	15683177	rs7035863
chr9	15683564	rs10756690
chr9	28410685	rs1412234
chr9	28410905	rs13285209
chr9	28410998	rs1412235
chr9	28411266	rs17770163
chr9	28411951	rs2150854
chr9	28412080	rs2183824
chr9	28412229	rs7857323
chr9	28412277	rs7873025
chr9	28412377	rs2183825
chr9	28412502	rs2383766
chr9	28413463	rs16912921
chr9	28414341	rs10968576
chr9	28414627	rs17770336
chr9	28415514	rs10968577
chr9	28418513	rs13288841
chr9	28425517	rs1412239
chr9	109170062	rs6477694
chr9	117600560	rs1252008
chr9	117602573	rs9408901
chr9	117603947	rs10759926
chr9	117606458	rs10983712
chr9	117609256	rs7047007
chr9	117612117	rs9299254
chr9	117612630	rs1013985
chr9	117614900	rs7038943
chr9	117616205	rs1928295
chr9	117616686	rs9408902
chr9	117618208	rs9299255
chr9	117618364	rs55654527
chr9	117620649	rs9409189
chr9	117623285	rs10116193
chr9	117623367	rs10116226
chr9	117624124	rs10983719
chr9	117625209	rs10983720
chr9	117625739	rs10818054
chr9	117626774	rs4443733
chr9	117634113	rs55823440
chr9	117636125	rs10759928
chr9	117637809	rs7032255
chr9	117642600	rs12001083
chr9	117643427	rs957512
chr9	126698635	rs10733682
chr10	85601298	rs75071083
chr10	85601534	rs3812651
chr10	85601573	rs3812650
chr10	85605457	rs12569918
chr10	85607805	rs116841464
chr10	85611575	rs77926521
chr10	85616658	rs117076371
chr10	85617806	rs74956373
chr10	85624334	rs75724513
chr10	85626022	rs76598478
chr10	85628760	rs117854778
chr10	85631944	rs76490772
chr10	85637518	rs74370230
chr10	85637763	rs79408710
chr10	85640927	rs117851067
chr10	85644118	rs41303827
chr10	85648915	rs11201713
chr10	85649077	rs73341071
chr10	85649142	rs12269171
chr10	85649566	rs117156471
chr10	85649578	rs73326604
chr10	85649943	rs11201714
chr10	85650216	rs11201716
chr10	85650865	rs17105752
chr10	85651048	rs76635691
chr10	85651147	rs7899106
chr10	85652368	rs733758
chr10	85652621	rs77526667
chr10	85653183	rs75499335
chr10	85654087	rs75239318
chr10	85654095	rs80089009
chr10	85654848	rs75970778
chr10	85655139	rs74369548
chr10	85655288	rs79170610
chr10	85656122	rs75838280
chr10	85656142	rs7072722
chr10	85656561	rs76223526
chr10	85657174	rs77534537
chr10	85658121	rs116448001
chr10	85658835	rs77173418
chr10	85659444	rs78075813
chr10	85660199	rs116666057
chr10	85660511	rs74316969
chr10	85660718	rs73326638
chr10	85661287	rs117773174
chr10	85661305	rs117205293
chr10	85663045	rs76059562
chr10	85665633	rs73326650
chr10	85665642	rs76765384
chr10	85669604	rs77101782
chr10	85669957	rs7080323
chr10	85670587	rs78225637
chr10	85672083	rs75234747
chr10	85672774	rs7072620
chr10	85672972	rs7084724
chr10	85673112	rs7069576
chr10	85673510	rs76030025
chr10	85677854	rs117462921
chr10	85678674	rs76185451
chr10	85679077	rs76981049
chr10	85680597	rs79884077
chr10	85684264	rs117271868
chr10	85684865	rs9663200
chr10	85685318	rs7071739
chr10	85686178	rs77478654
chr10	85686435	rs78726066
chr10	85686466	rs74989572
chr10	85686599	rs7912617
chr10	85687039	rs7077240
chr10	85688088	rs78319550
chr10	85688094	rs77116903
chr10	85689277	rs77193167
chr10	85692103	rs60936050
chr10	85694859	rs75847543
chr10	85697236	rs7923001
chr10	85700643	rs79786473
chr10	85700664	rs117000007
chr10	100635683	rs17094222
chr10	100636225	rs17113297
chr10	100637001	rs17113301
chr10	100656298	rs117597828
chr10	100663190	rs72838591
chr10	100664462	rs58159281
chr10	100665710	rs72844408
chr10	100679997	rs10883521
chr10	100683617	rs11190658
chr10	103064630	rs11191543
chr10	103065908	rs3781285
chr10	103076162	rs943037
chr10	103081210	rs12219901
chr10	103086421	rs11191548
chr10	103088673	rs10430665
chr10	103091078	rs11191551
chr10	103091544	rs17094683
chr10	103092132	rs12217501
chr10	103092155	rs12220743
chr10	103096405	rs12412038
chr10	103097766	rs11191555
chr10	103104857	rs11191557
chr10	103104921	rs11191558
chr10	103107929	rs11191559
chr10	103109281	rs11191560
chr10	103111447	rs12413046
chr10	103111522	rs10883832
chr10	103117545	rs79082900
chr10	103118786	rs11191564
chr10	103123580	rs1060240
chr10	103124451	rs10883835
chr10	103138144	rs732998
chr10	103138369	rs11191574
chr10	103138580	rs11191575
chr10	103141734	rs12220375
chr10	103146454	rs11191580
chr10	103151202	rs79680647
chr10	103153896	rs11191582
chr10	103154183	rs74233809
chr10	112994312	rs34872471
chr10	112994329	rs7901695
chr10	112995025	rs35198068
chr10	112996282	rs4506565
chr10	112998590	rs7903146
chr10	113005988	rs4575195
chr10	113008012	rs4132670
chr10	113014167	rs12244851
chr10	113014674	rs36090025
chr10	113025665	rs7074440
chr11	8614558	rs10769931
chr11	8614792	rs10769932
chr11	8617653	rs4929923
chr11	8617778	rs4929924
chr11	8618447	rs4929947
chr11	8622983	rs4929948
chr11	8624690	rs12803166
chr11	8625577	rs11042016
chr11	8628144	rs11042017
chr11	8628160	rs11042018
chr11	8633640	rs4929925
chr11	8636829	rs4929926
chr11	8636938	rs4929927
chr11	8640969	rs11042023
chr11	8646133	rs10840099
chr11	8646803	rs6486253
chr11	8647890	rs10840100
chr11	8652392	rs4256980
chr11	8653539	rs4929928
chr11	8655638	rs7950528
chr11	8655654	rs34867877
chr11	8657469	rs2316901
chr11	8662092	rs10769939
chr11	8666469	rs7113874
chr11	8667789	rs7126235
chr11	8670792	rs36092927
chr11	8672526	rs12575252
chr11	27615338	rs1488830
chr11	27617387	rs879048
chr11	27618676	rs10767654
chr11	27622178	rs11030084
chr11	27625738	rs4074134
chr11	27626824	rs36029218
chr11	27632332	rs7483762
chr11	27634566	rs4923458
chr11	27635242	rs4923460
chr11	27635363	rs4923461
chr11	27635703	rs4244531
chr11	27645437	rs12419948
chr11	27645820	rs925947
chr11	27646808	rs16917204
chr11	27648561	rs10501087
chr11	27650953	rs4923463
chr11	27656036	rs11030099
chr11	27656039	rs11030100
chr11	27662071	rs4923464
chr11	27662970	rs11030104
chr11	27678578	rs7103411
chr11	27680836	rs16917237
chr11	27681641	rs6484320
chr11	27681933	rs35038967
chr11	27682662	rs34379767
chr11	27684358	rs444654
chr11	27684493	rs113145808
chr11	27685939	rs7926362
chr11	27687297	rs12575096
chr11	27687416	rs12790234
chr11	27703198	rs988748
chr11	27704439	rs10767664
chr11	27706992	rs2030323
chr11	27707958	rs4922793
chr11	27709009	rs1829469
chr11	43794650	rs6485462
chr11	43795575	rs7118659
chr11	43795770	rs7118906
chr11	43796180	rs4755744
chr11	43798926	rs1878850
chr11	43798974	rs1878851
chr11	43799454	rs4755745
chr11	43801207	rs10838174
chr11	43801335	rs10838175
chr11	43802413	rs4755747
chr11	43803083	rs1518814
chr11	43803488	rs1518815
chr11	43803931	rs6485464
chr11	43810226	rs10768981
chr11	43810955	rs10400343
chr11	43815046	rs10742689
chr11	43816001	rs7129046
chr11	43816767	rs10838180
chr11	43817104	rs2863026
chr11	43818385	rs10768983
chr11	43821651	rs6485466
chr11	43822029	rs7101808
chr11	43822650	rs10768984
chr11	43825155	rs2037297
chr11	43825300	rs7131110
chr11	43826361	rs6485468
chr11	43826788	rs1464229
chr11	43827204	rs1464230
chr11	43827743	rs6485469
chr11	43828334	rs9651613
chr11	43829924	rs7935296
chr11	43830253	rs6485470
chr11	43832359	rs11037663
chr11	43834805	rs6485473
chr11	43835868	rs7931097
chr11	43836378	rs7934707
chr11	43837004	rs2139153
chr11	43837132	rs2139154
chr11	43840775	rs9971535
chr11	43841480	rs7111450
chr11	43842728	rs2176598
chr11	43844744	rs1914773
chr11	43846102	rs10742690
chr11	43846493	rs6485474
chr11	43846818	rs939016
chr11	43847101	rs939015
chr11	43848310	rs10838184
chr11	43848389	rs10838185
chr11	43848430	rs10838186
chr11	43849662	rs11037676
chr11	43850247	rs1518822
chr11	43850446	rs1518821
chr11	43850905	rs3781805
chr11	43853766	rs58817325
chr11	43854164	rs12417393
chr11	43854885	rs3736505
chr11	43855148	rs11555762
chr11	43856984	rs35186585
chr11	47583087	rs12798028
chr11	47589600	rs11039307
chr11	47600860	rs11039308
chr11	47629441	rs3817334
chr11	47644134	rs11039324
chr11	47647623	rs59360790
chr11	47648067	rs12419507
chr11	47648309	rs113211479
chr11	115134278	rs11605306
chr11	115134597	rs11605771
chr11	115134695	rs10790066
chr11	115136088	rs11603324
chr11	115137263	rs5794955
chr11	115138425	rs12790574
chr11	115140147	rs2507909
chr11	115142727	rs12421648
chr11	115143282	rs11215375
chr11	115147789	rs111164518
chr11	115149019	rs12805914
chr11	115149608	rs12787954
chr11	115151513	rs11215381
chr11	115151684	rs12286929
chr11	115152439	rs12803174
chr11	115153131	rs11215384
chr11	115159007	rs34469973
chr12	49852469	rs112502508
chr12	49853685	rs7138803
chr12	49856328	rs7306275
chr12	49862280	rs12367809
chr12	49868026	rs3205718
chr12	49869365	rs7132908
chr12	122297350	rs11057405
chr13	27426145	rs7988412
chr13	27428748	rs76790205
chr13	27429644	rs10220056
chr13	27433628	rs74183666
chr13	27435714	rs7669
chr13	27435980	rs1885989
chr13	27436125	rs1885988
chr13	27436252	rs57724994
chr13	27436308	rs76249173
chr13	27436379	rs77055070
chr13	27436782	rs147240135
chr13	27436791	rs12867531
chr13	27436817	rs78334317
chr13	27436853	rs76488435
chr13	27436942	rs79023532
chr13	27437021	rs74811644
chr13	27438128	rs9581850
chr13	27438129	rs12018313
chr13	27439611	rs9581852
chr13	27443133	rs9579083
chr13	27443645	rs9581854
chr13	27443877	rs9581855
chr13	27446043	rs4771122
chr13	27455759	rs9512699
chr13	27462293	rs7992289
chr13	27463429	rs1475221
chr13	53496595	rs9563161
chr13	53497689	rs2797084
chr13	53500690	rs2027542
chr13	53502049	rs9568859
chr13	53505311	rs9568861
chr13	53508394	rs9568863
chr13	53509897	rs4883723
chr13	53517624	rs1927861
chr13	53528071	rs12429545
chr13	53530833	rs4477562
chr13	53533217	rs9568867
chr13	53533448	rs9568868
chr13	65631572	rs9540493
chr13	79006784	rs1441264
chr13	79013706	rs1576655
chr13	79016278	rs1441262
chr14	25458092	rs80223924
chr14	25458093	rs77384634
chr14	25458094	rs74718733
chr14	25458626	rs12879423
chr14	25458973	rs10132280
chr14	25461782	rs8015400
chr14	25463379	rs1950436
chr14	25463619	rs8022424
chr14	25464616	rs35772441
chr14	25464759	rs58939796
chr14	25465038	rs8013377
chr14	25465955	rs7154982
chr14	25467402	rs17535391
chr14	25467955	rs28678024
chr14	25469646	rs8015189
chr14	25470726	rs17456958
chr14	25472455	rs55874813
chr14	25472715	rs1955854
chr14	25472948	rs17457048
chr14	25473459	rs10143820
chr14	25473623	rs12432376
chr14	25474580	rs10138528
chr14	25474776	rs10149723
chr14	25474946	rs10138669
chr14	25474947	rs10138670
chr14	25475100	rs17094596
chr14	25475157	rs17094599
chr14	25475620	rs17094606
chr14	25477237	rs8010984
chr14	25478230	rs11159347
chr14	25479813	rs12587211
chr14	25480071	rs1955851
chr14	25481342	rs1884237
chr14	25481384	rs1884236
chr14	25481658	rs61983381
chr14	25487086	rs11627916
chr14	25491282	rs6574442
chr14	25493309	rs12896620
chr14	25495892	rs61983383
chr14	29250440	rs10146891
chr14	29251924	rs36188760
chr14	29253612	rs61979085
chr14	29254408	rs11625899
chr14	29256748	rs1118508
chr14	29257115	rs34353454
chr14	29257311	rs58988574
chr14	29257736	rs2333486
chr14	29258311	rs2144919
chr14	29259797	rs2877960
chr14	29260355	rs1956237
chr14	29265973	rs12883651
chr14	29268260	rs11624548
chr14	29268507	rs1022669
chr14	29268895	rs35782345
chr14	29269072	rs35729954
chr14	29269076	rs12588402
chr14	29270729	rs12431909
chr14	29271033	rs35625199
chr14	29275326	rs8005994
chr14	29275423	rs8010624
chr14	29275762	rs61979093
chr14	29277758	rs11624759
chr14	29280892	rs1191520
chr14	29281038	rs7146955
chr14	29286623	rs1307812
chr14	29286662	rs1307813
chr14	29289229	rs2333558
chr14	29290971	rs1957109
chr14	29295262	rs1951281
chr14	29295298	rs1951282
chr14	29295720	rs1951283
chr14	29296806	rs1951286
chr14	29301501	rs10162459
chr14	29302979	rs10162525
chr14	29305926	rs7148387
chr14	29308286	rs1957110
chr14	79433111	rs7141420
chr15	51417339	rs12595123
chr15	51437976	rs4774589
chr15	51443099	rs12913493
chr15	51449382	rs12593979
chr15	51454039	rs11631408
chr15	51456413	rs3736485
chr15	51458412	rs11630743
chr15	51458455	rs11630842
chr15	51458649	rs7165887
chr15	51461797	rs7162412
chr15	51462254	rs6493498
chr15	51462700	rs1031664
chr15	51462836	rs12441759
chr15	51463043	rs12438892
chr15	51465424	rs1080394
chr15	51467709	rs8039073
chr15	51467949	rs8038101
chr15	51468277	rs28415556
chr15	51468695	rs28878886
chr15	51470215	rs10220909
chr15	51471052	rs11070851
chr15	51474890	rs11636170
chr15	51475068	rs10467923
chr15	51477908	rs4775943
chr15	51477988	rs4774591
chr15	51482416	rs8042221
chr15	51482870	rs7162563
chr15	51483413	rs4775944
chr15	51483733	rs4775946
chr15	51486682	rs4774592
chr15	51487519	rs8030534
chr15	51489499	rs7171439
chr15	51490097	rs11070852
chr15	51491623	rs10851500
chr15	51492006	rs11070853
chr15	51493236	rs7173880
chr15	51493239	rs55981933
chr15	51494680	rs17603116
chr15	51495382	rs10467924
chr15	51496794	rs28680710
chr15	51499362	rs12102203
chr15	51500737	rs8024506
chr15	51501885	rs12592179
chr15	51502975	rs12592889
chr15	51504609	rs4144941
chr15	67750719	rs8028313
chr15	67768214	rs4548812
chr15	67771401	rs28376010
chr15	67774391	rs28626095
chr15	67780120	rs3784710
chr15	67784061	rs8025790
chr15	67784518	rs8030456
chr15	67784830	rs16951275
chr15	67785292	rs7175517
chr15	67786431	rs28463100
chr15	67790478	rs2241420
chr15	67791098	rs4776972
chr15	67793217	rs4776375
chr15	67794500	rs2241423
chr15	67797280	rs16951304
chr15	67798504	rs2127163
chr15	67799741	rs2045960
chr15	67804788	rs13329413
chr15	67805666	rs3784718
chr15	67807262	rs2278076
chr15	67810953	rs4776976
chr15	67811976	rs9920643
chr15	67812029	rs13329567
chr15	67812270	rs13329582
chr15	67814734	rs1026737
chr15	67817136	rs4776981
chr15	67817569	rs28670272
chr15	67817959	rs28688285
chr15	67820902	rs4492996
chr15	67823672	rs28399056
chr15	67824062	rs28675295
chr15	67824962	rs7170185
chr15	67825856	rs4776984
chr15	67828306	rs922494
chr15	67829090	rs28539889
chr15	67830171	rs28587941
chr15	67830683	rs4776985
chr15	67831577	rs4776987
chr15	67831918	rs28427879
chr15	72752234	rs9460
chr15	72760090	rs2304597
chr15	72777596	rs11631214
chr15	72779895	rs62017600
chr15	72788390	rs4776613
chr15	72790025	rs4777542
chr15	72790127	rs4776614
chr15	72793474	rs8030477
chr15	72794132	rs11631352
chr15	72796528	rs8027181
chr15	72797921	rs2162269
chr15	72798942	rs3850986
chr15	72801650	rs7164727
chr15	72801863	rs7166595
chr15	72802330	rs12900863
chr16	3577357	rs758747
chr16	19881243	rs72771023
chr16	19893022	rs66674044
chr16	19907665	rs12102869
chr16	19908118	rs9921480
chr16	19908624	rs11640942
chr16	19911722	rs3885610
chr16	19914290	rs28482811
chr16	19914869	rs8055543
chr16	19916385	rs72771041
chr16	19917340	rs7190603
chr16	19918297	rs151209987
chr16	19918437	rs150469214
chr16	19920038	rs72771047
chr16	19920723	rs11640504
chr16	19922189	rs72771049
chr16	19922278	rs12444979
chr16	19923500	rs28406841
chr16	19923751	rs12446554
chr16	19924067	rs12446632
chr16	19924441	rs114285994
chr16	19929176	rs11074418
chr16	19930235	rs55880046
chr16	19930646	rs9926784
chr16	19931009	rs7198972
chr16	19931205	rs4613074
chr16	19931605	rs7204864
chr16	19931704	rs7205054
chr16	19933041	rs11639988
chr16	19956346	rs112991346
chr16	19956500	rs11641335
chr16	19964085	rs8054079
chr16	19964096	rs8054082
chr16	19964409	rs148965598
chr16	19964460	rs148069489
chr16	19964659	rs8059504
chr16	19966098	rs56791931
chr16	19966151	rs58109580
chr16	19966279	rs58653754
chr16	19966295	rs59323025
chr16	19966411	rs9938120
chr16	28322090	rs2650492
chr16	28325561	rs2726034
chr16	28329533	rs6498084
chr16	28338081	rs28685654
chr16	28828414	rs62036623
chr16	28828609	rs62036624
chr16	28829060	rs72793812
chr16	28830456	rs12443881
chr16	28831704	rs55991577
chr16	28831797	rs56358680
chr16	28832963	rs62036626
chr16	28833044	rs62036657
chr16	28833930	rs12444171
chr16	28835519	rs56404918
chr16	28835545	rs55719896
chr16	28835828	rs55830740
chr16	28835925	rs12928404
chr16	28837347	rs12325113
chr16	28837497	rs12325278
chr16	28839050	rs62036658
chr16	28842675	rs3088215
chr16	28843448	rs28403629
chr16	28844201	rs61737565
chr16	28844406	rs4788099
chr16	28846324	rs7187776
chr16	28848481	rs9972693
chr16	28848862	rs113079736
chr16	28848916	rs12325014
chr16	28850413	rs9972768
chr16	28850560	rs56040780
chr16	28852130	rs72793815
chr16	28852196	rs80275162
chr16	28852644	rs371918919
chr16	28853128	rs56226746
chr16	28853150	rs56163509
chr16	28853352	rs4788100
chr16	28853721	rs62037363
chr16	28854571	rs7205323
chr16	28854595	rs7187333
chr16	28855740	rs147684209
chr16	28855838	rs149601295
chr16	28856483	rs4788101
chr16	28857374	rs62037364
chr16	28857641	rs62037365
chr16	28859275	rs11150609
chr16	28859641	rs12446589
chr16	28859870	rs12448902
chr16	28860336	rs62037366
chr16	28860532	rs11859512
chr16	28860539	rs11861132
chr16	28861033	rs7499337
chr16	28861277	rs6565229
chr16	28862077	rs4788102
chr16	28863226	rs62037367
chr16	28863801	rs7198606
chr16	28863883	rs11864750
chr16	28864161	rs7193733
chr16	28868163	rs11863370
chr16	28871103	rs7498603
chr16	28872520	rs62037369
chr16	28874338	rs7359397
chr16	28874610	rs11864107
chr16	28878165	rs3888190
chr16	28878810	rs62037371
chr16	28880144	rs8055138
chr16	28881816	rs72793818
chr16	28882088	rs11645143
chr16	28882211	rs11641216
chr16	28882250	rs7498555
chr16	28883809	rs8061590
chr16	28884694	rs11642449
chr16	28886131	rs8056890
chr16	28894763	rs9931989
chr16	28899988	rs8060365
chr16	28902466	rs7189927
chr16	28903896	rs8046545
chr16	28904206	rs10499
chr16	28906323	rs7188071
chr16	28908020	rs7206214
chr16	28910488	rs7184597
chr16	28910828	rs11646653
chr16	28911422	rs9708958
chr16	28912200	rs62037414
chr16	28914657	rs3924376
chr16	28916497	rs12919058
chr16	28921927	rs6565293
chr16	29959536	rs4788199
chr16	29967740	rs56357065
chr16	29967744	rs55754409
chr16	29984482	rs4787488
chr16	29986879	rs4077410
chr16	29997323	rs11649149
chr16	29998953	rs4788207
chr16	30001745	rs12931955
chr16	30004016	rs4787491
chr16	30004244	rs4788211
chr16	30004701	rs12928610
chr16	30007661	rs9972866
chr16	30008054	rs11863174
chr16	31070264	rs9796794
chr16	31074149	rs2303222
chr16	31077026	rs749671
chr16	31077304	rs749670
chr16	31092475	rs2359612
chr16	31093188	rs8050894
chr16	31093557	rs9934438
chr16	31096368	rs9923231
chr16	31099660	rs7196161
chr16	31101489	rs7187995
chr16	31102913	rs61162043
chr16	31103938	rs375452507
chr16	31106068	rs56314408
chr16	31106092	rs2032915
chr16	31106703	rs12716981
chr16	31110472	rs14235
chr16	31113086	rs749767
chr16	31114455	rs11647442
chr16	31117294	rs4889619
chr16	31117347	rs12716982
chr16	31118574	rs9925964
chr16	31118621	rs1978487
chr16	31119800	rs1978485
chr16	31119853	rs4889620
chr16	31120293	rs4527034
chr16	31126391	rs889548
chr16	31129478	rs9936329
chr16	31130672	rs1549293
chr16	31133898	rs12597511
chr16	31136227	rs2855475
chr16	31137821	rs9972727
chr16	49006065	rs715017
chr16	49007783	rs1477099
chr16	49010331	rs755284
chr16	49015061	rs3095670
chr16	49016071	rs34981531
chr16	49020053	rs2908890
chr16	49021083	rs1894951
chr16	49021450	rs2908871
chr16	49023277	rs2908889
chr16	49028679	rs2080454
chr16	49031331	rs11860816
chr16	49033100	rs76156409
chr16	49034676	rs11076463
chr16	49035607	rs2908884
chr16	49040367	rs2908882
chr16	49041334	rs2967261
chr16	49045781	rs1894952
chr16	49047668	rs2908879
chr16	49048424	rs8048764
chr16	49051738	rs1420601
chr16	49051982	rs1420598
chr16	49053745	rs1861568
chr16	49054094	rs1861569
chr16	49054640	rs2908876
chr16	49055511	rs2908875
chr16	49058208	rs722395
chr16	53765367	rs57292959
chr16	53765384	rs9937521
chr16	53765391	rs28562191
chr16	53765595	rs9937053
chr16	53765935	rs9937354
chr16	53765993	rs9928094
chr16	53766073	rs9930397
chr16	53766288	rs9940278
chr16	53766656	rs9939973
chr16	53766717	rs9940646
chr16	53766842	rs9940128
chr16	53767042	rs1421085
chr16	53767431	rs1421086
chr16	53768073	rs9923544
chr16	53768582	rs11642015
chr16	53769275	rs1558901
chr16	53769311	rs62048402
chr16	53769662	rs1558902
chr16	53771295	rs11075985
chr16	53772541	rs56094641
chr16	53775211	rs55872725
chr16	53775335	rs1121980
chr16	53776634	rs7187250
chr16	53776774	rs7193144
chr16	53777031	rs62033399
chr16	53777876	rs62033400
chr16	53778521	rs8063057
chr16	53779455	rs17817449
chr16	53779538	rs8043757
chr16	53780451	rs9972653
chr16	53781523	rs17817497
chr16	53782363	rs8050136
chr16	53782840	rs8051591
chr16	53782926	rs9935401
chr16	53784255	rs9933509
chr16	53784548	rs3751812
chr16	53784812	rs3751814
chr16	53784901	rs9931900
chr16	53784922	rs56313538
chr16	53785257	rs9936385
chr16	53785286	rs9923233
chr16	53785455	rs9923312
chr16	53785859	rs11075988
chr16	53785965	rs11075989
chr16	53785981	rs11075990
chr16	53786025	rs11075991
chr16	53786154	rs11075992
chr16	53786615	rs9939609
chr16	53786901	rs9937709
chr16	53787213	rs17817712
chr16	53787385	rs7206410
chr16	53787501	rs7206629
chr16	53787703	rs7202116
chr16	53787778	rs7202296
chr16	53787950	rs7201850
chr16	53788230	rs66908032
chr16	53788271	rs72803697
chr16	53788325	rs62033403
chr16	53788327	rs62033404
chr16	53788475	rs62033405
chr16	53788528	rs7206122
chr16	53788590	rs7190396
chr16	53788739	rs7185735
chr16	53789815	rs79994966
chr16	53790314	rs62033406
chr16	53791576	rs9941349
chr16	53791993	rs56137030
chr16	53792116	rs28567725
chr16	53793267	rs9931494
chr16	53793567	rs10468280
chr16	53794050	rs62033408
chr16	53794154	rs17817964
chr16	53796143	rs62033413
chr16	53796540	rs9930501
chr16	53796553	rs9930506
chr16	53796579	rs9932754
chr16	53796955	rs9933040
chr16	53797234	rs9922708
chr16	53797442	rs72805611
chr16	53797859	rs9922619
chr16	53800695	rs7188250
chr16	53800696	rs72805612
chr16	53803232	rs11075993
chr16	53803430	rs72805613
chr16	53806613	rs12149574
chr16	53808996	rs12149832
chr16	53811257	rs11649091
chr17	2098531	rs7225843
chr17	2099914	rs6503245
chr17	2101083	rs4061660
chr17	2101836	rs9914577
chr17	2101842	rs9914578
chr17	2101947	rs9904872
chr17	2106458	rs10459917
chr17	2109764	rs62067978
chr17	2111555	rs3760232
chr17	2111690	rs3760231
chr17	5377145	rs3026101
chr17	5379957	rs1000940
chr17	5382931	rs1058366
chr17	5384859	rs10792
chr17	5391130	rs16954604
chr17	5393718	rs58351927
chr17	5396630	rs12600578
chr17	5406391	rs1806246
chr17	5414172	rs1806263
chr17	5414290	rs57977704
chr17	80614402	rs12939613
chr17	80617311	rs7503807
chr17	80617411	rs4890056
chr17	80618074	rs12936815
chr17	80618487	rs4889775
chr17	80619258	rs4889867
chr17	80622240	rs901064
chr17	80622993	rs12947696
chr17	80627018	rs8079537
chr17	80627395	rs12936076
chr17	80634240	rs62068345
chr17	80634489	rs62648832
chr17	80634775	rs62068348
chr17	80636743	rs9910745
chr17	80637924	rs12939549
chr17	80638234	rs7215486
chr17	80638319	rs7215534
chr17	80640526	rs9915162
chr17	80640593	rs9909449
chr17	80641771	rs12940622
chr18	23495477	rs167336
chr18	23495974	rs34833142
chr18	23496482	rs11873508
chr18	23496800	rs303754
chr18	23497295	rs34385798
chr18	23497305	rs34865514
chr18	23499399	rs182498
chr18	23499418	rs1816303
chr18	23499420	rs1818104
chr18	23499975	rs3083439
chr18	23502417	rs303761
chr18	23503311	rs4800487
chr18	23505121	rs7233671
chr18	23506161	rs177430
chr18	23506252	rs1429935
chr18	23510059	rs1788808
chr18	23511157	rs6507705
chr18	23514243	rs11664076
chr18	23517496	rs1788817
chr18	23520276	rs1367083
chr18	23521047	rs2356683
chr18	23521492	rs6507708
chr18	23523945	rs891387
chr18	23524007	rs891386
chr18	23524924	rs1808579
chr18	23528649	rs58609749
chr18	23528650	rs57440424
chr18	23533321	rs2510344
chr18	23535096	rs6507716
chr18	23537034	rs12964689
chr18	23537455	rs4800162
chr18	23537607	rs4800488
chr18	23538061	rs11665096
chr18	23539813	rs1140458
chr18	23540071	rs7239575
chr18	23540480	rs1805082
chr18	23546117	rs4800490
chr18	23546988	rs1618725
chr18	23547946	rs2435307
chr18	23548893	rs1652344
chr18	23550513	rs4800491
chr18	23551965	rs1652343
chr18	23553120	rs1788761
chr18	23553973	rs11663558
chr18	23554275	rs1631685
chr18	23562474	rs2510340
chr18	23563219	rs1623060
chr18	23563775	rs2960578
chr18	23563968	rs4800493
chr18	23566121	rs12457261
chr18	23567545	rs1652348
chr18	42556007	rs12954826
chr18	42567706	rs7239883
chr18	42568916	rs4569374
chr18	42571239	rs4289073
chr18	42573247	rs7506740
chr18	59208996	rs9957145
chr18	59209198	rs9957320
chr18	59209331	rs7230581
chr18	59209610	rs9949796
chr18	59209885	rs9958014
chr18	59210067	rs17835704
chr18	59210305	rs9961404
chr18	59210684	rs9961822
chr18	59210859	rs17835713
chr18	59210948	rs55932597
chr18	59211042	rs1517037
chr18	59211130	rs1517036
chr18	59211409	rs72956134
chr18	59214401	rs9957264
chr18	59214505	rs72956142
chr18	59216087	rs7243357
chr18	60135482	rs72982988
chr18	60141746	rs66723169
chr18	60144750	rs17700144
chr18	60156805	rs7240682
chr18	60159337	rs12967878
chr18	60161902	rs6567160
chr18	60171168	rs663129
chr18	60172536	rs571312
chr18	60178844	rs663640
chr18	60181136	rs523288
chr18	60181298	rs2168711
chr18	60181418	rs66922415
chr18	60181790	rs12967135
chr18	60182196	rs58084604
chr18	60183189	rs538656
chr18	60183350	rs17175518
chr18	60183864	rs17782313
chr18	60184530	rs10871777
chr18	60185354	rs476828
chr18	60185715	rs11152213
chr18	60187461	rs34633411
chr19	18338428	rs9636202
chr19	18341385	rs12459965
chr19	18344015	rs17724992
chr19	18344634	rs34518929
chr19	18344847	rs66978877
chr19	18348567	rs12459368
chr19	18350146	rs113230003
chr19	18351898	rs58547189
chr19	18356588	rs12984770
chr19	18358207	rs12986231
chr19	18360036	rs35648412
chr19	18360800	rs35343344
chr19	33808946	rs29947
chr19	33813998	rs14810
chr19	33815993	rs29944
chr19	33816097	rs40815
chr19	33817305	rs29943
chr19	33818372	rs29942
chr19	33818627	rs29941
chr19	33819129	rs29940
chr19	33819895	rs29939
chr19	33820576	rs29938
chr19	33821043	rs29937
chr19	33822483	rs865637
chr19	33825800	rs7256653
chr19	44884202	rs12972156
chr19	44884339	rs12972970
chr19	44884873	rs34342646
chr19	44888997	rs6857
chr19	44891079	rs71352238
chr19	44892362	rs2075650
chr19	44892652	rs34404554
chr19	44892887	rs11556505
chr19	45675785	rs2238691
chr19	45676926	rs11672660
chr19	45677156	rs34783010
chr19	45678134	rs1800437
chr19	45679046	rs10423928
chr19	45690093	rs11879227
chr19	45698914	rs2287019
chr19	47061334	rs73059368
chr19	47061386	rs11671304
chr19	47061387	rs11671280
chr19	47061711	rs7255995
chr19	47069730	rs2241388
chr19	47073995	rs10415551
chr19	47074008	rs10415740
chr19	47076324	rs4804022
chr19	47076356	rs4804023
chr19	47076928	rs11667244
chr19	47077985	rs28590228
chr19	47078207	rs12609461
chr19	47078492	rs4802331
chr19	47079099	rs62136859
chr19	47081442	rs3745619
chr19	47081983	rs6509311
chr19	47082260	rs7250850
chr19	47082441	rs7251104
chr19	47083207	rs11083860
chr19	47084515	rs2303107
chr19	47084945	rs7248181
chr19	47086638	rs2303108
chr19	47088557	rs7257381
chr19	47093845	rs10408163
chr19	47097184	rs8101149
chr19	47097344	rs8101091
chr19	47105955	rs4804024
chr19	47105966	rs4804025
chr19	47107122	rs4804026
chr19	47107871	rs12609406
chr19	47113120	rs55731973
chr20	52465795	rs6096965
chr20	52467367	rs6126568
chr20	52468349	rs6091539
chr20	52470019	rs6123169
chr20	52471323	rs6091540
chr20	52471706	rs6096969
chr20	52471909	rs2012625
chr20	52474288	rs6096971
chr20	52474294	rs6091542
chr20	52474342	rs6096972
chr20	52474746	rs13043154
chr20	52476019	rs17203351
chr20	52476457	rs13041126
chr20	52476781	rs13044194
chr20	52477137	rs13044871
chr20	52477612	rs13040970
chr20	52477770	rs6126570
chr20	52478024	rs17806313
chr20	52478415	rs6126572
chr20	52478494	rs6126573
chr20	52478616	rs6126574
chr20	52479027	rs13036535
chr20	52479131	rs35967226
chr20	52479687	rs6123172
chr20	52480184	rs6126575
chr20	52480323	rs58554489
chr20	52480513	rs8184126
chr20	52480792	rs13433095
chr20	52481026	rs6126577
chr20	52481971	rs6091543
chr20	52482024	rs35102849
chr20	52482094	rs6091544
chr20	52482412	rs6091545
chr20	52482675	rs6126578
chr20	52483048	rs6123175
chr20	52483881	rs6021948
chr20	52483883	rs35991254
chr20	52484783	rs6126579
chr20	52486253	rs6096977
chr20	52510326	rs6021953
chr20	52512554	rs6021954
chr21	38918579	rs8133137
chr21	38919035	rs2836751
chr21	38919263	rs2836753
chr21	38919816	rs2836754
chr21	38920178	rs11701004
chr21	38920588	rs11701117
chr21	38920776	rs7279422
chr21	38920780	rs2836755
chr21	38920998	rs7279866
chr21	38921022	rs7278605
chr21	38921157	rs2836756
chr21	38921160	rs7279192
chr21	38922444	rs8126698
chr21	38923117	rs2410065
chr21	38923238	rs2836758
