chr1	102889897	rs1241162
chr1	102890921	rs1241164
chr1	102890998	rs1241165
chr1	102891818	rs1241166
chr1	102893383	rs1932333
chr1	102893502	rs67016898
chr1	102893549	rs67621984
chr1	102893560	rs66531224
chr1	102893886	rs35486863
chr1	102894154	rs12731622
chr1	102894854	rs12736509
chr1	102895680	rs1763346
chr1	102895935	rs1463037
chr1	102895956	rs1463038
chr1	102896485	rs1676493
chr1	102896809	rs1676494
chr1	102897636	rs1763345
chr1	102898344	rs1622838
chr1	102898564	rs1621055
chr1	102898840	rs1763344
chr1	102898853	rs1676497
chr1	102899139	rs1676499
chr1	102899209	rs1676500
chr1	102899523	rs1676501
chr1	102899533	rs1676502
chr1	103054033	rs7517682
chr1	103068892	rs1591637
chr1	103076704	rs12740738
chr1	103077976	rs2889351
chr1	103082763	rs11164662
chr1	103084077	rs4907986
chr1	103084306	rs4391683
chr1	103085773	rs4908286
chr1	103085922	rs4908289
chr1	103086362	rs11164665
chr1	103086490	rs11164666
chr1	103086536	rs11164667
chr1	103086637	rs10874678
chr1	103086788	rs10874679
chr1	103087259	rs1415364
chr1	103088474	rs11164668
chr1	103088611	rs11164669
chr1	103094611	rs9970114
chr1	103102908	rs2376280
chr1	103103171	rs2376281
chr1	103104138	rs1337191
chr1	103106195	rs11164672
chr1	219453334	rs12036836
chr1	219467047	rs2605092
chr1	219467179	rs2605093
chr1	219467338	rs2820436
chr1	219467421	rs2605094
chr1	219468108	rs2605095
chr1	219468767	rs2605097
chr1	219469176	rs1982499
chr1	219470307	rs2605098
chr1	219470882	rs2605100
chr1	219471154	rs2605101
chr1	219471651	rs2605102
chr1	219471850	rs2605103
chr1	219471855	rs2605104
chr1	219472881	rs2605105
chr1	219475458	rs2605106
chr1	219475466	rs2791546
chr1	219476429	rs1340098
chr1	219477399	rs2605107
chr1	219477608	rs748273
chr1	219478437	rs2820430
chr1	219478667	rs2605108
chr1	219478691	rs2791552
chr1	219479347	rs1563350
chr1	219479352	rs1563351
chr1	219479684	rs1563353
chr1	219479759	rs1563355
chr1	219480012	rs2605109
chr1	219480343	rs2445127
chr1	219480362	rs2486895
chr1	219481050	rs2605110
chr1	219481689	rs2791551
chr1	219482027	rs2791550
chr1	219482496	rs1531093
chr1	219482534	rs1531094
chr1	219482752	rs1531095
chr1	219483782	rs2820427
chr1	219484661	rs2791549
chr2	70471458	rs3821269
chr2	70471634	rs1523304
chr2	70471724	rs1523305
chr2	70472027	rs1851610
chr2	70473104	rs3755385
chr2	70473944	rs3821264
chr2	70475101	rs1448927
chr2	70476715	rs958685
chr2	70477379	rs3755384
chr2	70478899	rs2122129
chr2	70478976	rs2166976
chr2	70480235	rs3771505
chr2	70481129	rs1807968
chr2	70484589	rs3755383
chr2	70485670	rs2862851
chr2	70487366	rs10469958
chr2	70487661	rs7571789
chr2	70488656	rs7561547
chr2	70489467	rs2902345
chr2	70489955	rs3911078
chr2	70490521	rs3771501
chr2	70491563	rs3755381
chr2	70491888	rs3755380
chr2	70492938	rs3771498
chr2	70493874	rs3821262
chr3	31423080	rs6780652
chr3	31425167	rs870387
chr3	31426479	rs6767351
chr3	31427167	rs1908480
chr3	31427285	rs1908479
chr3	31427605	rs34114396
chr3	31428217	rs11706543
chr3	31428708	rs55793744
chr3	31428719	rs55780051
chr3	31429550	rs6777515
chr3	31430536	rs60978438
chr3	31431115	rs1318814
chr3	31431458	rs964588
chr3	31432725	rs9790131
chr3	31434110	rs11129449
chr3	31435790	rs9789945
chr3	31438972	rs17027677
chr3	31443632	rs56190461
chr3	31443681	rs55749096
chr3	31443732	rs17027688
chr3	31444975	rs6795753
chr3	31444979	rs6808222
chr3	31446198	rs17027693
chr3	31446730	rs6766414
chr3	31447207	rs68137974
chr3	31452508	rs6771464
chr3	31453095	rs17027714
chr3	31453501	rs9824199
chr3	31453727	rs11708946
chr3	52512804	rs2015971
chr3	52523022	rs4234633
chr3	52524117	rs13621
chr3	52524888	rs34005367
chr3	52526005	rs4475032
chr3	52527763	rs11711421
chr3	52529556	rs4687624
chr3	52529702	rs4687625
chr3	52535082	rs4687626
chr3	52539080	rs13076398
chr3	52539828	rs62256903
chr3	52550771	rs2251219
chr3	52551744	rs1961959
chr3	52552666	rs1570
chr3	52559103	rs17052256
chr3	52559122	rs17052259
chr3	52559214	rs3796353
chr3	52562382	rs6778844
chr3	52562898	rs33964154
chr3	52563648	rs2289249
chr3	52564524	rs13059862
chr3	52565773	rs6786919
chr3	52565906	rs6798246
chr3	52566983	rs1821879
chr3	52568258	rs13063160
chr3	52570164	rs9758945
chr3	52570845	rs6786043
chr3	52571120	rs6788993
chr3	52572276	rs11714565
chr3	52572350	rs7625743
chr3	52573666	rs11130307
chr3	52573669	rs12632381
chr3	52574933	rs4687547
chr3	52575141	rs6762457
chr3	52575346	rs6805156
chr3	52576399	rs7652191
chr3	52576635	rs17264436
chr3	52578143	rs34954168
chr3	52578162	rs34115864
chr3	52579640	rs35107891
chr3	52580654	rs11718509
chr3	52581211	rs4687629
chr3	52581285	rs4687630
chr3	52582962	rs13078422
chr3	52583786	rs11720159
chr3	52584002	rs11720243
chr3	52584303	rs12487445
chr3	52584925	rs7614498
chr3	52585776	rs12629699
chr3	52585820	rs12629701
chr3	52585946	rs12637627
chr3	52587823	rs3852066
chr3	52590217	rs4336110
chr3	52590707	rs11708075
chr3	52590753	rs68021750
chr3	52591003	rs62253700
chr3	52592630	rs2336146
chr3	52593470	rs13085331
chr3	52593644	rs12498066
chr3	52594305	rs7628578
chr3	52594800	rs11714419
chr3	52595161	rs34754793
chr3	52595370	rs2118540
chr3	52595617	rs2164884
chr3	52595734	rs2336145
chr3	52598341	rs62253703
chr3	52598895	rs6790330
chr3	52599913	rs4687636
chr3	52600076	rs4687637
chr3	52600589	rs34173654
chr3	52600603	rs9917834
chr3	52604466	rs10433615
chr3	52605241	rs11130308
chr3	52607239	rs3774366
chr3	52608471	rs3774365
chr3	52608920	rs12487591
chr3	52609291	rs3733045
chr3	52609669	rs3755806
chr3	52610820	rs13065851
chr3	52617950	rs4687638
chr3	52622076	rs11717043
chr3	52622324	rs4687639
chr3	52622986	rs13064064
chr3	52623456	rs34537256
chr3	52625108	rs34215106
chr3	52625947	rs1561337
chr3	52627624	rs35249778
chr3	52628706	rs6445529
chr3	52629866	rs7622694
chr3	52632850	rs13069481
chr3	52634103	rs2083180
chr3	52635373	rs6796726
chr3	52636028	rs13098776
chr3	52638151	rs13068293
chr3	52638515	rs11719514
chr3	52638726	rs11720432
chr3	52640284	rs13060675
chr3	52640526	rs13081031
chr3	52640651	rs11130310
chr3	52640989	rs11130311
chr3	52641039	rs11130312
chr3	52641263	rs13086898
chr3	52642049	rs11719685
chr3	52642174	rs11130313
chr3	52643944	rs7642198
chr3	52644254	rs13085895
chr3	52644354	rs13085775
chr3	52644478	rs13086297
chr3	52646807	rs2028216
chr3	52648189	rs34757451
chr3	52648930	rs2289250
chr3	52650112	rs62253740
chr3	52651228	rs13065019
chr3	52651289	rs35211965
chr3	52652871	rs6770463
chr3	52653670	rs35409678
chr3	52657096	rs12486847
chr3	52658108	rs2336149
chr3	52658343	rs2590846
chr3	52658705	rs7611731
chr3	52660182	rs6804145
chr3	52663147	rs11130315
chr3	52664401	rs12488461
chr3	52664544	rs12488527
chr3	52665725	rs62255362
chr3	52667485	rs77146033
chr3	52667486	rs62255364
chr3	52669599	rs6768697
chr3	52672708	rs12493107
chr3	52673010	rs6803012
chr3	52674057	rs12637632
chr3	52674059	rs6414569
chr3	52674272	rs12632265
chr3	52675243	rs12496634
chr3	52675815	rs4130905
chr3	52676620	rs2336542
chr3	52677515	rs9714129
chr3	52677958	rs67539070
chr3	52682921	rs34157897
chr3	52683213	rs55678971
chr3	52683266	rs6445531
chr3	52685072	rs3733039
chr3	52685382	rs1866268
chr3	52687289	rs11177
chr3	52691755	rs35315313
chr3	52691945	rs13076193
chr3	52692679	rs6762813
chr3	52693241	rs2289247
chr3	52694788	rs6976
chr3	52697253	rs2164885
chr3	52697467	rs11130317
chr3	52697582	rs3733041
chr3	52700938	rs11130318
chr3	52705504	rs8906
chr3	52706166	rs6617
chr3	52707144	rs3755798
chr3	52708397	rs34017441
chr3	52709368	rs6445534
chr3	52710444	rs13079063
chr3	52712525	rs4687644
chr3	52713305	rs62255371
chr3	52714255	rs2878726
chr3	52714841	rs11716747
chr3	52715318	rs35526119
chr3	52717518	rs7624716
chr3	52718059	rs2109634
chr3	52721576	rs11130319
chr3	52724554	rs57039206
chr3	52724555	rs56098033
chr3	52724926	rs11714088
chr3	52725153	rs34610878
chr3	52728682	rs11130321
chr3	52728984	rs7653028
chr3	52729938	rs4687549
chr3	52730608	rs10780035
chr3	52731630	rs2079929
chr3	52731866	rs11714030
chr3	52732106	rs34739010
chr3	52732590	rs2268027
chr3	52733411	rs767418
chr3	52736261	rs11130323
chr3	52736968	rs11130325
chr3	52737452	rs6445535
chr3	52740514	rs2159644
chr3	52742892	rs7638162
chr3	52744035	rs2286800
chr3	52744331	rs2268026
chr3	52745575	rs112860674
chr3	52745785	rs13074853
chr3	52746493	rs2072390
chr3	52747523	rs13082208
chr3	52748258	rs13087772
chr3	52748823	rs62255396
chr3	52750400	rs6787154
chr3	52751152	rs13082960
chr3	52752897	rs13094778
chr3	52753226	rs13095332
chr3	52753587	rs2336545
chr3	52754943	rs6414570
chr3	52756197	rs13061423
chr3	52759223	rs11130327
chr3	52759586	rs12497998
chr3	52760351	rs4687648
chr3	52761208	rs2268025
chr3	52763618	rs1029871
chr3	52766268	rs2230535
chr3	52766715	rs4687650
chr3	52768386	rs2230534
chr3	52769189	rs2268024
chr3	52770471	rs13071584
chr3	52771077	rs998909
chr3	52774325	rs1014969
chr3	52775509	rs2019065
chr3	52776917	rs2098167
chr3	52777156	rs6792369
chr3	52783659	rs3774354
chr3	52783762	rs3774355
chr3	52784563	rs2239551
chr3	52786965	rs678
chr3	52786995	rs1042779
chr3	52787161	rs2286798
chr3	52788493	rs2239550
chr3	52788773	rs2284351
chr3	52788840	rs2284350
chr3	52788905	rs2300149
chr3	52789110	rs2239549
chr3	52789414	rs4687550
chr3	52789432	rs4687551
chr3	52790079	rs2270197
chr3	52790594	rs6778329
chr3	52791446	rs1076425
chr3	52791569	rs9324
chr3	52792260	rs2071506
chr3	52792604	rs746694
chr3	52792691	rs2071507
chr3	52792830	rs2071508
chr3	52793899	rs2239699
chr3	52794612	rs9881468
chr3	52796993	rs2240920
chr3	52804386	rs4687552
chr3	189882371	rs12107036
chr4	1688915	rs4865462
chr4	1694376	rs35313041
chr4	1701919	rs2236996
chr4	78673240	rs11722017
chr5	28549074	rs4867568
chr5	28552176	rs6450641
chr5	28552532	rs4443429
chr5	28555831	rs7701423
chr5	28556135	rs4293933
chr5	28556714	rs4285234
chr5	68503688	rs10043473
chr5	68506919	rs10940166
chr5	68507974	rs10051745
chr5	68508663	rs10940167
chr5	68512385	rs6896511
chr5	68513529	rs11745660
chr5	68513588	rs11745630
chr5	68519131	rs12332217
chr5	68519165	rs12332392
chr5	68519374	rs72759898
chr5	68522754	rs7726943
chr5	68523125	rs10471753
chr5	68523757	rs6893396
chr5	68526793	rs7711053
chr5	68527855	rs10940169
chr5	68529768	rs11750646
chr5	68530907	rs7704228
chr5	68531629	rs28562175
chr5	68532398	rs34485661
chr5	68533051	rs1423232
chr5	68533669	rs1363857
chr5	68533671	rs1363856
chr5	68534020	rs13356158
chr5	68534530	rs17257909
chr5	68535994	rs11749692
chr5	68538416	rs2078396
chr5	68539054	rs7729223
chr6	43764117	rs833058
chr6	44728525	rs56172130
chr6	44729765	rs12204270
chr6	44730528	rs1552196
chr6	44737638	rs62436021
chr6	44741588	rs62436022
chr6	44741723	rs111810959
chr6	44742415	rs10807302
chr6	44746088	rs12153844
chr6	44753784	rs62436028
chr6	44754534	rs77082413
chr6	44755614	rs62436035
chr6	44761758	rs62437968
chr6	44768339	rs12215181
chr6	44771119	rs79419592
chr6	44771151	rs79265970
chr6	44771301	rs62437972
chr6	44773158	rs12197593
chr6	44783931	rs17336368
chr6	44784266	rs12208621
chr6	44789173	rs12215095
chr6	44793291	rs10948171
chr6	44794241	rs62437973
chr6	44801188	rs12200892
chr6	44802477	rs9472365
chr6	44802790	rs9463042
chr6	44803377	rs9463043
chr6	44803971	rs12198016
chr6	44806860	rs9472367
chr6	44808399	rs4644056
chr6	44809467	rs7765371
chr6	44809954	rs10948172
chr6	44815937	rs7349931
chr6	44816829	rs12215971
chr6	44816987	rs12202698
chr6	44820419	rs12209944
chr6	44828035	rs756
chr6	44828053	rs755
chr6	44828442	rs12195339
chr6	44829351	rs529125
chr6	44837477	rs857601
chr6	44851877	rs12202704
chr6	44855712	rs10484625
chr6	44863627	rs12215263
chr6	44879473	rs12211922
chr6	44881956	rs12202609
chr6	44893588	rs62438018
chr6	44895658	rs9367210
chr6	44896815	rs3997499
chr6	44899488	rs62436368
chr6	44899802	rs62436369
chr6	44903669	rs149052880
chr6	44907048	rs62436374
chr6	44908081	rs62436375
chr6	44911205	rs72865923
chr6	44911206	rs72865924
chr6	44914534	rs10484626
chr6	44918080	rs62436376
chr6	44929780	rs114009236
chr6	44932370	rs10456120
chr6	44935484	rs12208332
chr6	44936165	rs12190313
chr6	44938980	rs12214435
chr6	44944149	rs12198308
chr6	44958534	rs12212190
chr6	44959073	rs12191977
chr6	44963728	rs12214794
chr6	44972006	rs62436395
chr6	44972094	rs62436396
chr6	44972969	rs62436411
chr6	44976245	rs17423748
chr6	44993776	rs12194924
chr6	44995664	rs1329711
chr6	44995998	rs12208605
chr6	45007219	rs1329709
chr6	45008689	rs12196188
chr6	45019272	rs11967224
chr6	45031151	rs6908606
chr6	45031178	rs6909047
chr6	45049491	rs6924185
chr6	45059619	rs2396379
chr6	45062753	rs12154152
chr6	45069779	rs11970412
chr6	45072049	rs56337964
chr6	45072855	rs62438863
chr6	45074050	rs62438864
chr6	45082050	rs62438867
chr6	45096889	rs72869118
chr6	45108757	rs2038765
chr6	45121327	rs62438877
chr6	45124808	rs10456121
chr6	45125757	rs10948201
chr6	45132593	rs56283067
chr6	45135625	rs12193720
chr6	45136584	rs12209161
chr6	45139842	rs10456542
chr6	45146125	rs114017772
chr6	45148524	rs1324536
chr6	45152929	rs62436778
chr6	45157174	rs62436779
chr6	45160524	rs62436780
chr6	45160787	rs11967630
chr6	45169185	rs12201005
chr6	45172782	rs12193682
chr6	45173024	rs12193812
chr6	45173704	rs11965706
chr6	45174780	rs17209636
chr6	45175381	rs62436782
chr6	45176487	rs184065563
chr6	45179055	rs190280859
chr6	45179100	rs147931031
chr6	45180093	rs368374612
chr6	45185010	rs12206568
chr6	45185111	rs12213735
chr6	45185944	rs12198376
chr6	45189030	rs10948211
chr6	45189196	rs10948212
chr6	45189586	rs12205860
chr6	45190778	rs10948213
chr6	45191440	rs6919813
chr6	45191552	rs6919998
chr6	45191599	rs6919873
chr6	45191694	rs6920046
chr6	45192265	rs12191566
chr6	45195320	rs10456122
chr6	45195864	rs17209678
chr6	45198521	rs12212745
chr6	45202729	rs10948214
chr6	45204334	rs34455867
chr6	45207473	rs12193030
chr6	45208946	rs2093900
chr6	45211170	rs10456543
chr6	45212703	rs62400267
chr6	45214697	rs12192890
chr6	45215072	rs12206561
chr6	45215274	rs62400268
chr6	45219819	rs10948216
chr6	45219881	rs10948217
chr6	45224285	rs17288250
chr6	45225339	rs17288257
chr6	45226906	rs12209175
chr6	45229994	rs12214885
chr6	45230662	rs375114507
chr6	45232897	rs62400269
chr6	45235817	rs56397204
chr6	45235854	rs56357385
chr6	45236046	rs62400289
chr6	45237184	rs12196217
chr6	45238546	rs6927213
chr6	45239588	rs1853651
chr6	45240608	rs12202232
chr6	45241117	rs12202434
chr6	45241201	rs12190367
chr6	45242051	rs62400290
chr6	45247337	rs12205379
chr6	45249687	rs10456546
chr6	45250382	rs72858511
chr6	45251789	rs10456547
chr6	45251962	rs10456548
chr6	45255730	rs72858517
chr6	45258024	rs10456549
chr6	45259279	rs12191262
chr6	45261570	rs10948219
chr6	45263599	rs28583363
chr6	45265843	rs62400293
chr6	45268215	rs4443508
chr6	45268917	rs10948220
chr6	45268970	rs10948221
chr6	45270218	rs4400216
chr6	45276686	rs12203558
chr6	45280634	rs4479922
chr6	45284996	rs143106554
chr6	45285052	rs150739461
chr6	45285612	rs143086013
chr6	45288422	rs12153922
chr6	45290331	rs11964690
chr6	45291086	rs11964844
chr6	45291342	rs55964727
chr6	45291694	rs11965520
chr6	45297464	rs72860105
chr6	45298223	rs55779653
chr6	45300701	rs4498350
chr6	45304180	rs4544895
chr6	45306184	rs10948223
chr6	45306736	rs4478406
chr6	45306753	rs4288203
chr6	75489503	rs10943249
chr6	75491966	rs35985089
chr6	75492940	rs9343292
chr6	75505942	rs72877553
chr6	75510084	rs11964634
chr6	75514603	rs9360913
chr6	75521588	rs9359125
chr6	75522268	rs12190734
chr6	75524981	rs9343297
chr6	75526673	rs9341526
chr6	75527405	rs12200169
chr6	75528025	rs12207675
chr6	75528898	rs12202443
chr6	75529546	rs13192994
chr6	75530129	rs9343299
chr6	75531811	rs9350591
chr6	75535254	rs202138851
chr6	75537796	rs7756065
chr6	75537929	rs9359127
chr6	75540740	rs9359128
chr6	75543349	rs11963619
chr6	75544820	rs9359129
chr6	75549409	rs9352217
chr6	75554112	rs9343301
chr6	75555926	rs9360921
chr6	75557647	rs9341528
chr6	75559095	rs9350593
chr6	75561422	rs10943263
chr6	75562299	rs12199494
chr6	75562920	rs66632417
chr6	75564717	rs12203732
chr6	75567313	rs12209039
chr6	75569571	rs9352223
chr6	75572733	rs9360924
chr6	75573906	rs12201305
chr6	75575663	rs12212123
chr6	75580371	rs9352224
chr6	75590278	rs9360926
chr6	75602002	rs71561434
chr6	75605969	rs58570618
chr6	75608386	rs35973114
chr6	75610383	rs9352228
chr6	75615959	rs9359133
chr6	75620635	rs67016585
chr6	75623218	rs33997653
chr6	75634067	rs12214738
chr6	75640415	rs57268793
chr6	75646729	rs12215914
chr6	75647710	rs9352231
chr6	75649085	rs9352232
chr6	75669023	rs9359135
chr6	75670961	rs9360930
chr6	75671330	rs9350596
chr6	75672349	rs9341531
chr6	75678221	rs9360932
chr6	75683795	rs10943277
chr6	75683878	rs10943278
chr6	75684029	rs10943279
chr6	75688493	rs12192223
chr6	75700525	rs9343315
chr6	75701929	rs34636573
chr6	75708070	rs12208368
chr6	75710020	rs12212171
chr6	75711819	rs12205818
chr6	75718779	rs17792773
chr6	75722849	rs12203148
chr6	131741227	rs17060634
chr6	131742706	rs3850251
chr6	131743718	rs9483336
chr6	131746605	rs34612245
chr6	131748777	rs7741727
chr6	131750053	rs4383836
chr7	45986582	rs788748
chr7	45987132	rs788747
chr7	45988851	rs1722123
chr7	45988978	rs1723939
chr7	45993349	rs1723937
chr7	45995583	rs788731
chr7	45998019	rs788742
chr7	45999645	rs788741
chr7	46001755	rs788739
chr7	46002843	rs2471548
chr7	107146029	rs10253172
chr7	107146105	rs10253291
chr7	107146507	rs3729876
chr7	107146620	rs3729877
chr7	107148176	rs6946931
chr7	107150110	rs6977868
chr7	107151887	rs11767623
chr7	107152072	rs12705405
chr7	107152259	rs3779500
chr7	107152730	rs6466160
chr7	107153655	rs1981696
chr7	107154598	rs257371
chr7	107156532	rs257372
chr7	107157845	rs257373
chr7	107158598	rs257375
chr7	107160643	rs257377
chr7	107160950	rs257378
chr7	107162378	rs257379
chr7	107163518	rs257381
chr7	107163804	rs257382
chr7	107167003	rs257385
chr7	107167338	rs257386
chr7	107168035	rs257387
chr7	107169662	rs61014091
chr7	107169848	rs4730222
chr7	107170552	rs12536574
chr7	107172343	rs113069325
chr7	107172471	rs77185844
chr7	107173789	rs4730223
chr7	107174098	rs75007274
chr7	107174129	rs76933738
chr7	107175309	rs77727587
chr7	107177194	rs6951639
chr7	107178286	rs75035695
chr7	107178810	rs4730224
chr7	107183216	rs17427123
chr7	107183289	rs78267892
chr7	107183506	rs74983157
chr7	107183814	rs17427158
chr7	107184559	rs111450405
chr7	107185183	rs3801965
chr7	107185936	rs201145168
chr7	107185994	rs7794965
chr7	107187067	rs10953529
chr7	107187422	rs10953531
chr7	107188778	rs7798223
chr7	107191916	rs1002935
chr7	107193352	rs6971675
chr7	107193694	rs6971774
chr7	107202688	rs7981
chr7	107203836	rs12537730
chr7	107204249	rs75932578
chr7	107205037	rs79978998
chr7	107205524	rs2107318
chr7	107207241	rs2023892
chr7	107207880	rs79705824
chr7	107210103	rs6967745
chr7	107210310	rs6949961
chr7	107211309	rs1018946
chr7	107211494	rs1018947
chr7	107213214	rs6946036
chr7	107215589	rs187989493
chr7	107219800	rs12533767
chr7	107222725	rs75313693
chr7	107223792	rs17427849
chr7	107225475	rs12532953
chr7	107227558	rs9641378
chr7	107227706	rs9641380
chr7	107235520	rs4727670
chr7	107235600	rs4727671
chr7	107237023	rs76020313
chr7	107237755	rs17428071
chr7	107239750	rs7779062
chr7	107241363	rs10953532
chr7	107244791	rs74906766
chr7	107245850	rs12540475
chr7	107246829	rs4730226
chr7	107247235	rs12537374
chr7	107248149	rs7777976
chr7	107250346	rs75243311
chr7	107250551	rs77878465
chr7	107250645	rs79543528
chr7	107251384	rs7793594
chr7	107251986	rs61673847
chr7	107256592	rs17428126
chr7	107256792	rs17349904
chr7	107257591	rs3801963
chr7	107258013	rs10487271
chr7	107260219	rs76167266
chr7	107260949	rs80095766
chr7	107261112	rs79328953
chr7	107261774	rs7781947
chr7	107262180	rs6466162
chr7	107262881	rs75154004
chr7	107262976	rs61406169
chr7	107263586	rs4730227
chr7	107263632	rs4730228
chr7	107264414	rs76299183
chr7	107266908	rs7803290
chr7	107267336	rs80307895
chr7	107268681	rs78404515
chr7	107269192	rs17350182
chr7	107270278	rs7800443
chr7	107272503	rs11769527
chr7	107272518	rs6960813
chr7	107273273	rs10953534
chr7	107274499	rs17428504
chr7	107275278	rs7789500
chr7	107275676	rs112665932
chr7	107275834	rs76257331
chr7	107282713	rs3779498
chr7	107284483	rs11764448
chr7	107284908	rs4730229
chr7	107287375	rs1121312
chr7	107290342	rs78553765
chr7	107292568	rs6964798
chr7	107292654	rs6964966
chr7	107292751	rs6965001
chr7	107293933	rs112272579
chr7	107294103	rs78079372
chr7	107294286	rs80341862
chr7	107296690	rs12533516
chr7	107296973	rs12532967
chr7	107297975	rs3815148
chr7	107298458	rs75254991
chr7	107298757	rs77671232
chr7	107300031	rs12532447
chr7	107300512	rs78888729
chr7	107301004	rs74774133
chr7	107301594	rs4730231
chr7	107301937	rs4730232
chr7	107302321	rs2189501
chr7	107303118	rs12537342
chr7	107303195	rs12534676
chr7	107304118	rs1548524
chr7	107304310	rs74584447
chr7	107305481	rs76888321
chr7	107305898	rs77936580
chr7	107307646	rs61511581
chr7	107308999	rs58663672
chr7	107310924	rs78610616
chr7	107312588	rs997311
chr7	107312982	rs6963917
chr7	107314091	rs74925723
chr7	107314434	rs11761181
chr7	107314711	rs111432372
chr7	107315221	rs3801959
chr7	107317151	rs80212020
chr7	107317487	rs77422419
chr7	107317592	rs74745121
chr7	107318024	rs11773514
chr7	107318060	rs11769901
chr7	107318295	rs57525841
chr7	107318781	rs12532849
chr7	107319387	rs2299422
chr7	107320070	rs2249043
chr7	107320694	rs3801958
chr7	107321962	rs75723759
chr7	107322337	rs78440378
chr7	107322503	rs77605964
chr7	107322817	rs76534758
chr7	107323205	rs12531187
chr7	107323468	rs60255281
chr7	107323489	rs12534000
chr7	107323607	rs17429118
chr7	107323777	rs76208112
chr7	107323836	rs17429146
chr7	107325002	rs12537733
chr7	107325349	rs58319984
chr7	107327046	rs78472146
chr7	107328025	rs77829121
chr7	107328753	rs113211438
chr7	107330077	rs77641084
chr7	107332068	rs4730233
chr7	107334202	rs12538090
chr7	107337168	rs7783181
chr7	107337560	rs12536485
chr7	107337579	rs12536491
chr7	107338846	rs12535081
chr7	107339114	rs11769861
chr7	107342555	rs10953535
chr7	107343843	rs12538769
chr7	107344124	rs12538848
chr7	107344705	rs59900773
chr7	107349526	rs12155231
chr7	107351523	rs375147347
chr7	107351685	rs149852242
chr7	107351924	rs112140830
chr7	107352022	rs368942448
chr7	107353128	rs12154285
chr7	107358856	rs78181351
chr7	107359008	rs7804979
chr7	107360507	rs12532514
chr7	107362128	rs12536603
chr7	107363674	rs7809508
chr7	107364527	rs79778437
chr7	107368904	rs3823960
chr7	107368934	rs3823959
chr7	107369961	rs75382408
chr7	107376690	rs75999022
chr7	107377144	rs75203426
chr7	107379737	rs12535093
chr7	107381246	rs10953536
chr7	107384815	rs78133594
chr7	107384890	rs79619227
chr7	107387388	rs12537011
chr7	107387460	rs10953537
chr7	107388560	rs2395859
chr7	107391104	rs75672288
chr7	107391358	rs79026644
chr7	107392321	rs59782202
chr7	107393174	rs79607134
chr7	107393883	rs76646886
chr7	107395818	rs111390132
chr7	107397987	rs12535814
chr7	107402305	rs3757713
chr7	107404631	rs1989814
chr7	107409776	rs12537785
chr7	107410215	rs80017637
chr7	107410286	rs17429825
chr7	107411923	rs76145119
chr7	107413553	rs74898466
chr7	107414852	rs112828423
chr7	107414878	rs111590023
chr7	107416916	rs4730241
chr7	107416928	rs4730242
chr7	107417573	rs76307631
chr7	107419358	rs79564258
chr7	107420575	rs139435676
chr7	107429701	rs76859341
chr7	107429763	rs113422695
chr7	107430693	rs11766131
chr7	107430865	rs11770061
chr7	107431229	rs77013162
chr7	107432236	rs4515482
chr7	107433819	rs2395880
chr7	107433878	rs2395881
chr7	107437990	rs74451547
chr7	107438348	rs77487103
chr7	107448564	rs6979368
chr7	107450534	rs74524528
chr7	107451404	rs12539895
chr7	107452186	rs75639044
chr7	107454771	rs1978085
chr7	107454782	rs34084719
chr7	107457363	rs201046620
chr7	107465211	rs79434636
chr7	107478602	rs12534124
chr7	107485494	rs4730248
chr7	107493939	rs2299428
chr7	107494542	rs75659533
chr7	107495208	rs10464620
chr7	107496314	rs74632724
chr7	107557249	rs6979198
chr8	143912625	rs3923387
chr8	143915294	rs7155
chr8	143916167	rs1065837
chr8	143916360	rs7014582
chr8	143918694	rs7819099
chr8	143919156	rs6984820
chr8	143919209	rs6992333
chr8	143921326	rs6558407
chr8	143921568	rs11777402
chr8	143921861	rs7833924
chr8	143922430	rs11786903
chr8	143923488	rs7016416
chr8	143924001	rs1140522
chr8	143924022	rs2857829
chr8	143925249	rs55836855
chr8	143925474	rs56117011
chr8	143925516	rs35916068
chr8	143926053	rs7016860
chr8	143926434	rs7006770
chr8	143926730	rs56401829
chr8	143926863	rs55895668
chr8	143927132	rs55984967
chr8	143927143	rs55812715
chr8	143927204	rs11782890
chr8	143927341	rs11136333
chr8	143927420	rs11136334
chr8	143927616	rs3135109
chr8	143928115	rs11993233
chr8	143928263	rs62522555
chr8	143928368	rs72693398
chr8	143929609	rs11136335
chr8	143931282	rs62522556
chr8	143932622	rs10866916
chr8	143933019	rs11136336
chr8	143933366	rs7003580
chr8	143933779	rs6989119
chr8	143933821	rs11136337
chr8	143934174	rs11782331
chr8	143934275	rs11783772
chr8	143934392	rs11783799
chr8	143934538	rs11782433
chr8	143934763	rs6994460
chr8	143935425	rs6983908
chr8	143936346	rs56034811
chr8	143937036	rs6993938
chr8	143938038	rs13439519
chr8	143938298	rs11136338
chr8	143938609	rs7823393
chr8	143939147	rs11784501
chr8	143939177	rs11136339
chr8	143939725	rs4073081
chr8	143939781	rs4073082
chr8	143940256	rs12541377
chr8	143940564	rs112979447
chr8	143945857	rs56334578
chr8	143946309	rs12543539
chr8	143946468	rs12549853
chr8	143946999	rs7464572
chr8	143947260	rs7462197
chr8	143948186	rs11136340
chr8	143948489	rs7832643
chr8	143948709	rs7818941
chr8	143949571	rs55754956
chr8	143952282	rs11778018
chr8	143954419	rs58579887
chr8	143957097	rs11777239
chr8	143958134	rs10092179
chr8	143960331	rs11784985
chr8	143960684	rs11780978
chr8	143961174	rs7357417
chr8	143962447	rs7010330
chr8	143963405	rs11783655
chr8	143965232	rs72695409
chr8	143965940	rs6993022
chr8	143966688	rs11781667
chr8	143967165	rs11787365
chr8	143969936	rs11787335
chr8	143970581	rs11136342
chr8	143972494	rs11785060
chr8	143973019	rs3935755
chr8	143976168	rs7013938
chr8	143976177	rs6991364
chr8	143977310	rs1134029
chr8	143982085	rs62530291
chr8	143982302	rs11775818
chr8	143983869	rs11989052
chr8	143985257	rs11136344
chr8	143985944	rs11136345
chr8	143987456	rs3936211
chr8	143987661	rs11778039
chr9	4282942	rs3892354
chr9	4283137	rs1574285
chr9	4290085	rs4237150
chr9	4290541	rs10116772
chr9	4290544	rs10814915
chr9	4290823	rs6476839
chr9	4292083	rs10758593
chr9	4295583	rs10758594
chr9	116539328	rs13283416
chr11	118705754	rs496547
chr11	118731349	rs562059
chr11	118731788	rs478081
chr12	14831897	rs10772807
chr12	14832271	rs11056198
chr12	14833117	rs11056199
chr12	14834162	rs2287226
chr12	14834474	rs12811845
chr12	14836364	rs4764128
chr12	14837653	rs10772808
chr12	14837674	rs10772809
chr12	14837762	rs10772810
chr12	14837871	rs7311924
chr12	14838089	rs12307494
chr12	14839014	rs12822851
chr12	14839301	rs2430723
chr12	14840022	rs12829642
chr12	14840136	rs12226970
chr12	14840214	rs11056201
chr12	14840505	rs11276
chr12	14840674	rs3088189
chr12	14840920	rs1861698
chr12	14841578	rs11056202
chr12	14841725	rs12426616
chr12	14844512	rs3887182
chr12	14847029	rs2445411
chr12	14847226	rs67615407
chr12	14847868	rs10846065
chr12	14847924	rs7966998
chr12	14847925	rs2430725
chr12	14848089	rs7980899
chr12	14848394	rs6488714
chr12	14848861	rs6488715
chr12	14849202	rs7965885
chr12	14849242	rs10846066
chr12	14849284	rs10846067
chr12	14849571	rs7301929
chr12	14850273	rs7305000
chr12	14850374	rs7294463
chr12	14850773	rs767842
chr12	14851053	rs11056203
chr12	14852566	rs2445410
chr12	14857134	rs10846069
chr12	14859558	rs11056209
chr12	14859958	rs2417399
chr12	14860451	rs4764129
chr12	14860819	rs2445409
chr12	14861054	rs11613861
chr12	14861055	rs11613862
chr12	14862779	rs10772813
chr12	14863710	rs149462117
chr12	14865178	rs11056216
chr12	14865285	rs11056217
chr12	14865306	rs11056218
chr12	14865474	rs11056219
chr12	14866356	rs6488718
chr12	14866574	rs7310368
chr12	14867319	rs7294526
chr12	14867429	rs2417400
chr12	14867435	rs4290285
chr12	14867545	rs2417401
chr12	14868043	rs4763401
chr12	14868621	rs7307883
chr12	14869463	rs7310951
chr12	14869583	rs3940337
chr12	14869752	rs2098436
chr12	14870079	rs6488720
chr12	14870333	rs6488721
chr12	14870557	rs6488722
chr12	14870585	rs6488723
chr12	14870623	rs2430731
chr12	14871395	rs10846074
chr12	14872923	rs10772814
chr12	14873131	rs10492151
chr12	14876099	rs725445
chr12	14876509	rs725444
chr12	14876664	rs2900342
chr12	14877049	rs11835413
chr12	14877770	rs1544687
chr12	14878220	rs4763402
chr12	14878434	rs4763403
chr12	14878472	rs4763404
chr12	14879086	rs11056227
chr12	14879684	rs10846075
chr12	14879827	rs6488724
chr12	14879926	rs34464763
chr12	14880008	rs6488725
chr12	14880010	rs7132884
chr12	14882147	rs4236
chr12	14882575	rs1985583
chr12	14882629	rs2430737
chr12	14883768	rs2430738
chr12	14885854	rs1800801
chr12	14890950	rs11056230
chr12	14890963	rs10492150
chr12	14891420	rs12300129
chr12	14892001	rs2024505
chr12	14892223	rs6488726
chr12	14892269	rs2430686
chr12	14892493	rs4764131
chr12	14894016	rs9668569
chr12	14894462	rs2430687
chr12	14895347	rs58120888
chr12	14896282	rs7965448
chr12	14897304	rs12311463
chr12	14897328	rs67482087
chr12	14897475	rs67436073
chr12	14897803	rs2430689
chr12	14898269	rs11056233
chr12	14899824	rs7135211
chr12	14899901	rs7306888
chr12	14900018	rs4581512
chr12	14901082	rs7294636
chr12	14901481	rs12316046
chr12	14903046	rs11615259
chr12	14908491	rs55785959
chr12	14910656	rs2430690
chr12	14911003	rs11614330
chr12	14911061	rs11614333
chr12	14911129	rs11610597
chr12	14911328	rs4764132
chr12	14911429	rs4764133
chr12	14911773	rs4764134
chr12	14911789	rs61922970
chr12	14911805	rs61922971
chr12	14912104	rs7308508
chr12	27857474	rs57380671
chr12	27860630	rs11049204
chr12	27862037	rs10492367
chr12	27862568	rs11049206
chr12	27872263	rs10843013
chr12	104666152	rs835486
chr12	104666989	rs835487
chr12	104667230	rs835488
chr12	104668663	rs835490
chr12	104668698	rs835491
chr12	104668804	rs835492
chr12	104668878	rs835493
chr13	46578520	rs754106
chr13	46578807	rs2005053
chr13	46582128	rs7330493
chr13	46610797	rs1008849
chr13	46613318	rs1142184
chr13	46623619	rs9534442
chr13	46626596	rs9567710
chr13	46632854	rs9534445
chr13	113030019	rs34459411
chr13	113033503	rs74378923
chr13	113034432	rs118021693
chr13	113037232	rs76623552
chr13	113040195	rs11842874
chr13	113040915	rs1888227
chr13	113042741	rs79866171
chr14	80168022	rs4903903
chr14	80168761	rs12588985
chr14	80172097	rs1491504
chr14	80174959	rs4899763
chr14	80175977	rs2216086
chr14	80176596	rs4899764
chr14	80176767	rs4899765
chr14	80182260	rs2005885
chr14	80182896	rs759441
chr14	80183222	rs4903904
chr14	80189603	rs74064456
chr14	80191918	rs56017760
chr14	80194327	rs74064457
chr14	80194860	rs35191251
chr14	80195992	rs56025506
chr14	80201236	rs225015
chr14	80203237	rs225014
chr14	80206899	rs12437279
chr14	101562940	rs945006
chr15	57915967	rs4775005
chr15	57925591	rs8033270
chr15	57936401	rs11852835
chr15	57937325	rs1579744
chr15	57947160	rs17820823
chr15	57948135	rs7178497
chr15	57948320	rs11071356
chr15	57949659	rs12915231
chr15	57949950	rs10851630
chr15	57949995	rs10851631
chr15	57951834	rs12907038
chr15	57951905	rs7495968
chr15	57953788	rs9325
chr15	57954604	rs3204689
chr15	57955365	rs4646640
chr15	57956175	rs12910113
chr15	57956585	rs4646638
chr15	57957179	rs11855259
chr15	57958836	rs4646636
chr15	57959588	rs7165247
chr15	57960195	rs7170896
chr15	57960908	rs3784262
chr15	57961071	rs3784260
chr15	57963017	rs4646629
chr15	57963084	rs4646628
chr15	57963107	rs4646627
chr15	57965001	rs4646622
chr15	57966043	rs4646620
chr15	57966144	rs4646619
chr15	57967138	rs7164408
chr15	57969082	rs12903792
chr15	57969151	rs4646616
chr15	57972879	rs4646612
chr15	57972885	rs4646611
chr15	57974780	rs35511675
chr15	57976174	rs12903551
chr15	57977264	rs11630835
chr15	57984549	rs12903474
chr15	57985614	rs12908953
chr15	57987234	rs12915901
chr15	57987676	rs34871384
chr15	58005165	rs1372368
chr15	58010269	rs4646593
chr15	58013146	rs4646586
chr15	58022481	rs12910752
chr15	58022650	rs12911071
chr15	58024289	rs12901462
chr15	58026405	rs4369598
chr15	58029266	rs11852540
chr15	58061137	rs4646563
chr15	67045488	rs6494624
chr15	67046442	rs6494626
chr15	67046576	rs6494627
chr15	67046717	rs8029398
chr15	67050927	rs7181798
chr15	67056385	rs34722686
chr15	67057477	rs3101491
chr15	67067400	rs4776337
chr15	67067545	rs4776338
chr15	67070656	rs17291497
chr15	67070945	rs10518705
chr15	67071235	rs11632964
chr15	67071982	rs4776879
chr15	67073284	rs10518707
chr15	67074150	rs12908498
chr15	67074495	rs7177795
chr15	67074846	rs7178381
chr15	67075027	rs1498505
chr15	67075296	rs1498506
chr15	67075368	rs1498507
chr15	67075634	rs2899722
chr15	67076321	rs28613758
chr15	67077783	rs11635145
chr15	67078030	rs12901081
chr15	67078107	rs12901499
chr15	67078168	rs12901372
chr16	53764611	rs8047395
chr16	53769244	rs8055197
chr16	53770428	rs1861866
chr16	53771053	rs10852521
chr16	53772368	rs9922047
chr16	53778702	rs8057044
chr16	53781249	rs11075987
chr16	53805223	rs8044769
chr17	69497553	rs2715819
chr17	69498762	rs2716216
chr17	69498948	rs2716215
chr17	69498952	rs2715820
chr17	69498963	rs2715821
chr17	69499822	rs2716214
chr17	69501422	rs2716213
chr17	69503576	rs2521348
chr17	69507360	rs2521349
chr17	69507512	rs2716212
chr17	69509673	rs2716211
chr17	69510541	rs2715822
chr17	69515728	rs2715824
chr17	69515787	rs2716209
chr17	69516186	rs2521352
chr17	69516251	rs2521353
chr17	69516862	rs1133228
chr17	69516914	rs2251855
chr19	2152019	rs35166564
chr19	2152343	rs7255019
chr19	2153910	rs117191345
chr19	2155043	rs12985850
chr19	2158084	rs34032327
chr19	2159572	rs12985258
chr19	2160260	rs12971884
chr19	2170869	rs12983357
chr19	2173137	rs12976923
chr19	2177194	rs12982744
chr19	2181608	rs12980348
chr19	2184006	rs12974139
chr20	35302258	rs6060355
chr20	35306660	rs878639
chr20	35315833	rs2425055
chr20	35317816	rs1406948
chr20	35318101	rs1406949
chr20	35319358	rs6060369
chr20	35320106	rs6088791
chr20	35325519	rs6060371
chr20	35326405	rs6060373
chr20	35327768	rs2425061
chr20	35335763	rs2425062
chr20	35336309	rs981819
chr20	35336327	rs981818
chr20	35336470	rs2425063
chr20	35338040	rs2378349
chr20	35338300	rs2248393
chr20	35338465	rs2425065
chr20	35339203	rs2425066
chr20	35343541	rs1540927
chr20	35346498	rs6088799
chr20	35346634	rs6088800
chr20	35348535	rs6142351
chr20	35349901	rs56306402
chr20	35354458	rs6088801
chr20	35354460	rs6088802
chr20	35354882	rs6142353
chr20	35359482	rs4911491
chr20	35359927	rs735531
chr20	35361479	rs6141546
chr20	35363996	rs4911492
chr20	35364817	rs4911178
chr20	35368201	rs745931
chr20	35370450	rs1570004
chr20	35371512	rs62211529
chr20	35372505	rs6142358
chr20	35372647	rs6142359
chr20	35372683	rs6142360
chr20	35372996	rs4911493
chr20	35374042	rs1540928
chr20	35378457	rs6142363
chr20	35378522	rs6142364
chr20	35379720	rs6088809
chr20	35380264	rs725908
chr20	35381727	rs1406947
chr20	35382724	rs6142367
chr20	35383282	rs6141548
chr20	35384111	rs4911494
chr20	35384250	rs4911496
chr20	35385096	rs4911179
chr20	35385145	rs4911180
chr20	35385512	rs6142369
chr20	35385575	rs6142370
chr20	35386248	rs6141549
chr20	35386360	rs6088812
chr20	35387378	rs6088813
chr20	35388671	rs6088815
chr20	35389020	rs6141550
chr20	35389546	rs4353719
chr20	35394632	rs6088816
chr20	35395511	rs6142373
chr20	35395682	rs6579234
chr20	35397173	rs6088817
chr20	35397254	rs6088818
chr20	35397765	rs6142374
chr20	35398468	rs1886691
chr20	35399495	rs6088820
chr20	35399773	rs6088821
chr20	35404958	rs6142376
chr20	35406462	rs6088823
chr20	35407977	rs6142377
chr20	35408142	rs6087702
chr20	35408169	rs6088825
chr20	35408630	rs6087703
chr20	35409488	rs6142378
chr20	35409931	rs62210591
chr20	35411464	rs6142379
chr20	35413255	rs6087704
chr20	35413447	rs6087705
chr20	35413738	rs6142380
chr20	35414112	rs6088830
chr20	35415270	rs142570322
chr20	35416964	rs62210593
chr20	35417411	rs6060401
chr20	35417437	rs6060402
chr20	35419167	rs6141551
chr20	35420334	rs7262358
chr20	35420820	rs6142381
chr20	35431781	rs224329
chr20	35434589	rs224331
chr20	35436182	rs224333
chr20	35437976	rs143384
chr20	35438203	rs143383
chr20	47466905	rs6094710
chr20	47473266	rs6090683
chr20	47474653	rs6090684
chr20	47491550	rs116855380
chr20	47567907	rs60913144
chr20	47627680	rs6094752
chr20	47631895	rs72645259
chr20	47659511	rs73913405
chr20	47660319	rs73913406
