chr7	80537898	C	G,T	rs1404312
chr7	80539831	A	G,T	rs12155030
chr7	80540756	G	A	rs9649527
chr7	80543318	C	G,T	rs1851935
chr7	80543461	T	A,C,G	rs9649529
chr7	80545457	T	C,G	rs1851934
chr7	80546290	A	C,G,T	rs1194197
chr7	80546489	T	A,C,G	rs2366739
chr7	80546517	A	C,T	rs1194196
chr7	80546540	T	A,C,G	rs1194195
chr7	80547229	C	A,G,T	rs9649532
chr7	80549415	C	A	rs701269
chr7	80552915	A	G,T	rs10233710
chr7	80555883	TG	T	rs35660939
chr7	80557677	T	A,G	rs819460
chr7	80558245	T	A,C,G	rs2781841
chr7	80559382	A	G	rs1093835
chr7	80562790	G	A,C	rs819445
chr7	80563609	T	A,C,G	rs1093833
chr7	80564074	T	A,C,G	rs1093831
chr7	80564452	C	A,T	rs819444
chr7	80565709	C	A,G,T	rs1608671
chr7	80566189	C	A,T	rs2366744
chr7	80567970	A	C,G,T	rs819457
chr7	80568442	T	C,G	rs819456
chr7	80569026	C	A,G,T	rs819455
chr7	80570574	A	AT,ATT	rs34592988
chr7	80571027	G	A	rs34736275
chr7	80572104	A	C,G,T	rs1093834
chr7	80572555	C	A,G,T	rs1093830
chr7	80572729	C	G,T	rs1093829
chr7	80573092	C	A,T	rs28851188
chr7	80573251	T	A,C,G	rs28854232
chr7	80573850	T	A,G	rs2177616
chr7	80574402	C	A,T	rs819443
chr7	80574740	A	T	rs6467251
chr7	80576641	C	A,T	rs819442
chr7	80580547	A	C	rs7793698
chr7	80580750	A	C,G,T	rs7794010
chr7	80580765	G	A,C	rs7810280
chr7	80581032	T	A,G	rs1761645
chr7	80581236	T	A,C,G	rs1761646
chr7	80581602	G	A,C,T	rs1320408
chr7	80581982	T	A,C,G	rs940542
chr7	80584071	T	TG	rs11464747
chr7	80584981	T	C	rs6467258
chr7	80586259	C	T	rs1761673
chr7	80589645	C	A,T	rs6961069
chr7	80594998	C	A,G,T	rs819436
chr7	80602188	G	C,T	rs1194182
chr7	80603657	T	A,C	rs1194179
chr7	80604927	G	A,T	rs17154155
chr7	80605291	C	T	rs1194178
chr7	80605779	A	C,G,T	rs1194177
chr7	80606698	T	A,C,G	rs13236689
chr7	80608725	A	C,G	rs1761661
chr7	80609147	C	A,T	rs1761662
chr7	80615623	G	A	rs1761667
chr7	80618713	G	A,T	rs4731643
chr7	80620355	G	C,T	rs6961024
chr7	80621886	A	C	rs1537477
chr7	80622979	A	C,T	rs12706912
chr7	80624139	T	A,C	rs2366855
chr7	80626687	A	G	rs4728183
chr7	80629314	G	A	rs11770907
chr7	80629494	A	G	rs10499859
chr7	80630672	C	T	rs4316098
chr7	80630707	G	A,C	rs4626520
chr7	80636135	T	C	rs1953298
chr7	80636309	T	A,G	rs1953299
chr7	80641506	A	G,T	rs13233631
chr7	80642011	T	C	rs11771152
chr7	80642014	A	T	rs11770358
chr7	80643252	T	A,C	rs1527479
chr7	80643992	A	C,T	rs3212160
chr7	80646139	A	C,G,T	rs1049654
chr7	80649247	A	G,T	rs3211821
chr7	80653320	G	A,C	rs3211842
chr7	80655626	T	A,C	rs1054516
