chr1	2027636	rs121434580
chr1	7969386	rs11548937
chr1	12022869	rs2295283
chr1	12193958	rs2229700
chr1	20655716	rs201594599
chr1	20656138	rs4704
chr1	23559007	rs11574
chr1	25243590	rs1043879
chr1	42227926	rs343376
chr1	45332803	rs34612342
chr1	45613182	rs2230658
chr1	45613212	rs2230659
chr1	46932824	rs1126742
chr1	63415881	rs4630153
chr1	102888582	rs1676486
chr1	113834946	rs2476601
chr1	113852067	rs33996649
chr1	114693436	rs17602729
chr1	146140514	rs4068083
chr1	156137743	rs4641
chr1	160333626	rs1802778
chr1	168044612	rs11558511
chr1	184054395	rs1046934
chr1	207785101	rs35366573
chr1	223766378	rs17599
chr1	230249224	rs1923950
chr1	246842749	rs12410563
chr2	24208315	rs2303291
chr2	61420766	rs778155
chr2	68161691	rs1137930
chr2	71070565	rs2287328
chr2	113462478	rs1210133
chr2	147958859	rs2307394
chr2	152549080	rs1155779
chr2	162352383	rs17783344
chr2	165913610	rs10176588
chr2	178684404	rs116676813
chr2	178689578	rs2244492
chr2	197418581	rs788023
chr2	215325297	rs2372536
chr2	217830379	rs3796028
chr2	227089883	rs2229814
chr2	230212397	rs28930679
chr2	230467181	rs1050224
chr2	230469048	rs12724
chr3	14159826	rs121965091
chr3	16323447	rs11554130
chr3	47670712	rs1141601
chr3	49862362	rs3796386
chr3	50115923	rs1138536
chr3	52791569	rs9324
chr3	53235030	rs1051485
chr3	56594003	rs7637449
chr3	57896874	rs17058639
chr3	58096161	rs1522384
chr3	69250082	rs4361282
chr3	97945881	rs2172257
chr3	100754661	rs10936352
chr3	112469762	rs76844316
chr3	121635736	rs3772126
chr3	121642940	rs2070178
chr3	128806410	rs4548
chr3	129171507	rs4303883
chr3	132619502	rs41272321
chr3	156531425	rs2280031
chr3	184869486	rs61741194
chr3	185613377	rs6762208
chr3	191382772	rs364519
chr3	193492979	rs2130407
chr3	197839383	rs17850206
chr3	197912700	rs36078246
chr5	5447494	rs4702269
chr5	62476708	rs26635
chr5	64728154	rs275819
chr5	66021353	rs706679
chr5	69103062	rs28450427
chr5	73852656	rs2973566
chr5	74741561	rs16872235
chr5	74750639	rs17852781
chr5	95900711	rs17085249
chr5	96416081	rs6232
chr5	103184699	rs26821
chr5	119475838	rs25640
chr5	138381524	rs10073922
chr5	151674666	rs2304052
chr5	154033830	rs2578377
chr5	179795838	rs751120439
chr6	18138969	rs144041067
chr6	18138997	rs1800460
chr6	18139710	rs200220210
chr6	38682852	rs4746
chr7	5910095	rs1138495
chr7	24289514	rs5574
chr7	26196444	rs751296046
chr7	31809092	rs3213709
chr7	33021334	rs3750117
chr7	44108954	rs2595701
chr7	56058667	rs2230197
chr7	94401587	rs1800222
chr7	95316772	rs854560
chr7	100813656	rs314359
chr7	105536594	rs11556986
chr7	112456018	rs34349457
chr7	127614497	rs2233578
chr8	1869201	rs7003969
chr8	11852665	rs1803250
chr8	16155139	rs2229388
chr8	27500988	rs41507953
chr8	27516348	rs751141
chr8	38838478	rs2292741
chr8	42319645	rs2272736
chr8	43197696	rs73569592
chr8	52624756	rs1129660
chr8	94876079	rs1129152
chr8	103404817	rs17803441
chr9	37492682	rs3739576
chr9	41165005	rs66626885
chr9	41165039	rs200692117
chr9	89339933	rs45452691
chr9	104800523	rs2230808
chr9	111384552	rs16916040
chr9	113282718	rs11552582
chr9	129834742	rs3814547
chr9	129958491	rs17519205
chr10	1014278	rs3207775
chr10	13298236	rs28938169
chr10	29494956	rs1056782
chr10	32922299	rs2230395
chr10	89012072	rs2234978
chr10	92935860	rs1326331
chr10	95346408	rs726176
chr10	114959784	rs7099565
chr10	131973082	rs1050704
chr12	4505379	rs61752088
chr12	6349184	rs5742912
chr12	6578884	rs35512811
chr12	14434367	rs3213764
chr12	32624428	rs11052110
chr12	32707368	rs2272238
chr12	52237529	rs6580870
chr12	56178831	rs34308410
chr12	56714419	rs4902
chr12	57256057	rs4075325
chr12	64752752	rs1147096
chr12	95485958	rs2305293
chr12	123942759	rs11057401
chr13	20631053	rs9509307
chr13	24446725	rs9318554
chr13	24500352	rs9578751
chr13	35828289	rs2296645
chr13	40943849	rs3764056
chr13	46055809	rs1926447
chr13	100235868	rs538229
chr14	22905653	rs2295682
chr14	49832244	rs3100906
chr14	73974981	rs2074932
chr14	95193905	rs1128468
chr14	103700657	rs3212102
chr15	43340351	rs2278857
chr15	49033092	rs11638215
chr15	50484328	rs10220843
chr15	63062263	rs199476317
chr15	63256588	rs10851726
chr15	76883817	rs3812908
chr15	78893556	rs1435163
chr15	99126774	rs5030691
chr16	1314299	rs11553473
chr16	1964282	rs2286466
chr16	47515562	rs56257827
chr16	47663707	rs16945474
chr16	56639315	rs11640851
chr16	56982180	rs5882
chr16	58553833	rs11866002
chr16	72059118	rs5473
chr16	84872492	rs721005
chr16	89561665	rs9930567
chr17	1474649	rs2286873
chr17	3577153	rs8065080
chr17	4953285	rs238239
chr17	7220519	rs28934585
chr17	17506246	rs7946
chr17	31894983	rs3760454
chr17	35103294	rs28363284
chr17	41525223	rs4601
chr17	58565748	rs34818467
chr17	67215926	rs8080100
chr17	68452981	rs883541
chr17	68543706	rs2286562
chr17	81629785	rs9894429
chr17	81845225	rs1130674
chr18	252559	rs657138
chr18	691266	rs2612086
chr18	9117869	rs906807
chr18	31852661	rs3737374
chr18	62143330	rs34227891
chr18	63355558	rs2003149
chr18	74508848	rs2278161
chr19	875245	rs61738004
chr19	1272041	rs12488
chr19	6681980	rs7951
chr19	6702146	rs428453
chr19	10631494	rs2288904
chr19	15879621	rs2108622
chr19	33463006	rs3745969
chr19	38706105	rs3745859
chr19	44228505	rs922063
chr19	49490278	rs1064257
chr20	3015851	rs1178016
chr20	3213196	rs1127354
chr20	8790175	rs2294597
chr20	21145597	rs16982513
chr20	49242680	rs1130146
chr20	63742354	rs8957
chr21	43676325	rs2155722
chr22	38538601	rs2227914
chr22	43928847	rs738409
chr22	44094016	rs738479
chr22	45181350	rs226524
chrX	2738217	rs11556084
chrX	2738220	rs4793
chrX	2738242	rs4717
chrX	15397461	rs8094
chrX	19357664	rs2229137
chrX	20186343	rs2230488
chrX	54811644	rs2071932
chrX	106956972	rs6622126
chrX	118387375	rs17318100
chrX	149501018	rs1141608
chrX	154532439	rs2230037
